../../code_corpus/jsoup/comments/Node.java_14	../../code_corpus/jgrapht/comments/AbstractGraph.java_8	1.0	2.0	1.0	1.0	0	
../../code_corpus/jsoup/comments/Node.java_14	../../code_corpus/jgrapht/comments/AsUnweightedGraph.java_3	1.0	1.6862745098	1.0	0.962962962963	0	
../../code_corpus/jsoup/comments/Node.java_14	../../code_corpus/jgrapht/comments/AsUnweightedDirectedGraph.java_6	1.0	2.0	1.0	1.0	0	
../../code_corpus/jsoup/comments/Node.java_14	../../code_corpus/jgrapht/comments/GraphOrdering.java_2	1.0	0.416666666667	1.0	1.0	0	
../../code_corpus/jsoup/comments/Node.java_14	../../code_corpus/jgrapht/comments/GraphDelegator.java_29	1.0	1.83333333333	1.0	1.0	0	
../../code_corpus/jsoup/comments/Node.java_14	../../code_corpus/jgrapht/comments/SimpleDirectedGraph.java_1	1.0	2.27450980392	0.978260869565	0.933333333333	0	
../../code_corpus/jsoup/comments/Node.java_14	../../code_corpus/jgrapht/comments/GraphVertexChangeEvent.java_10	1.0	0.186046511628	0.923076923077	1.0	0	
../../code_corpus/jsoup/comments/Node.java_14	../../code_corpus/jgrapht/comments/PermutationFactory.java_1	1.0	2.27450980392	0.978260869565	0.933333333333	0	
../../code_corpus/jsoup/comments/Node.java_14	../../code_corpus/jgrapht/comments/StoerWagnerMinimumCut.java_9	1.0	1.125	1.0	1.0	0	
../../code_corpus/jsoup/comments/Node.java_14	../../code_corpus/jgrapht/comments/CrossComponentIterator.java_1	1.0	2.27450980392	0.978260869565	0.933333333333	0	
../../code_corpus/jsoup/comments/Node.java_14	../../code_corpus/jgrapht/comments/PartiteRandomGraphGenerator.java_3	1.0	0.0408163265306	1.0	1.0	0	
../../code_corpus/jsoup/comments/Node.java_14	../../code_corpus/jgrapht/comments/VertexDegreeEquivalenceComparator.java_2	1.0	0.186046511628	1.0	1.0	0	
../../code_corpus/jsoup/comments/Node.java_14	../../code_corpus/jgrapht/comments/GraphPathImpl.java_1	1.0	2.27450980392	0.978260869565	0.933333333333	0	
../../code_corpus/jsoup/comments/Node.java_14	../../code_corpus/jgrapht/comments/UnmodifiableGraph.java_12	1.0	1.83333333333	1.0	1.0	0	
../../code_corpus/jsoup/comments/Node.java_14	../../code_corpus/jgrapht/comments/HamiltonianCycle.java_1	1.0	2.27450980392	0.978260869565	0.933333333333	0	
../../code_corpus/jsoup/comments/Node.java_14	../../code_corpus/jgrapht/comments/ClosestFirstIterator.java_11	1.0	2.0	1.0	1.0	0	
../../code_corpus/jsoup/comments/Node.java_14	../../code_corpus/jgrapht/comments/GraphDelegator.java_22	1.0	1.83333333333	1.0	1.0	0	
../../code_corpus/jsoup/comments/Node.java_14	../../code_corpus/jgrapht/comments/FibonacciHeap.java_16	1.0	0.378378378378	0.875	1.0	0	
../../code_corpus/jsoup/comments/Node.java_14	../../code_corpus/jgrapht/comments/StoerWagnerMinimumCut.java_5	1.0	1.21739130435	1.0	1.0	0	
../../code_corpus/jsoup/comments/Node.java_14	../../code_corpus/jgrapht/comments/ClassBasedVertexFactory.java_2	1.0	0.342105263158	1.0	1.0	0	
../../code_corpus/jsoup/comments/Node.java_14	../../code_corpus/HtmlCleaner/comments/TagNode.java_18	0.925925925926	0.313725490196	0.764705882353	0.857142857143	1	
../../code_corpus/jsoup/comments/Element.java_16	../../code_corpus/jung_api/comments/Hypergraph.java_1	1.0	2.7	0.979591836735	0.875	0	
../../code_corpus/jsoup/comments/Element.java_16	../../code_corpus/jung_api/comments/Graphs.java_10	1.0	1.72058823529	0.911111111111	0.875	0	
../../code_corpus/jsoup/comments/Element.java_16	../../code_corpus/jung_api/comments/Tree.java_4	1.0	3.51219512195	0.97619047619	0.923076923077	0	
../../code_corpus/jsoup/comments/Element.java_16	../../code_corpus/HtmlCleaner/comments/TagNode.java_14	0.964912280702	2.08333333333	0.90243902439	0.875	1	
../../code_corpus/google-http-client/comments/HttpRequest.java_60	../../code_corpus/HtmlCleaner/comments/CommentNode.java_1	0.986486486486	2.1568627451	1.0	0.90625	0	
../../code_corpus/google-http-client/comments/HttpRequest.java_60	../../code_corpus/httpclient/comments/HttpClient.java_5	0.911111111111	0.798882681564	0.83606557377	0.75	1	
../../code_corpus/google-http-client/comments/HttpRequest.java_60	../../code_corpus/jgrapht/comments/CrossComponentIterator.java_28	1.0	6.85365853659	0.980769230769	0.958333333333	0	
../../code_corpus/google-http-client/comments/HttpRequest.java_60	../../code_corpus/jgrapht/comments/StoerWagnerMinimumCut.java_7	1.0	11.3846153846	1.0	0.958333333333	0	
../../code_corpus/google-http-client/comments/HttpRequest.java_60	../../code_corpus/jgrapht/comments/BellmanFordIterator.java_5	1.0	13.6363636364	1.0	0.96	0	
../../code_corpus/google-http-client/comments/HttpRequest.java_60	../../code_corpus/jgrapht/comments/PartiteRandomGraphGenerator.java_6	1.0	4.1935483871	1.0	0.92	0	
../../code_corpus/google-http-client/comments/HttpRequest.java_60	../../code_corpus/jgrapht/comments/AbstractPathElement.java_12	0.985294117647	7.25641025641	0.980769230769	0.958333333333	0	
../../code_corpus/google-http-client/comments/HttpRequest.java_60	../../code_corpus/jgrapht/comments/WeightedMultigraph.java_1	1.0	0.928143712575	0.987804878049	0.90625	0	
../../code_corpus/google-http-client/comments/HttpRequest.java_60	../../code_corpus/jgrapht/comments/EquivalenceSet.java_1	1.0	0.928143712575	0.987804878049	0.90625	0	
../../code_corpus/google-http-client/comments/HttpRequest.java_60	../../code_corpus/jgrapht/comments/BiconnectivityInspector.java_8	1.0	9.38709677419	0.923076923077	0.961538461538	0	
../../code_corpus/google-http-client/comments/HttpRequest.java_60	../../code_corpus/jgrapht/comments/KruskalMinimumSpanningTree.java_4	0.987341772152	3.35135135135	1.0	0.892857142857	0	
../../code_corpus/google-http-client/comments/HttpRequest.java_60	../../code_corpus/jgrapht/comments/MaskSubgraph.java_16	1.0	16.8888888889	0.979591836735	0.916666666667	0	
../../code_corpus/google-http-client/comments/HttpRequest.java_60	../../code_corpus/jgrapht/comments/AbstractBaseGraph.java_17	1.0	17.9411764706	0.979591836735	0.916666666667	0	
../../code_corpus/google-http-client/comments/HttpRequest.java_60	../../code_corpus/jgrapht/comments/DirectedAcyclicGraph.java_48	1.0	8.75757575758	1.0	1.0	0	
../../code_corpus/google-http-client/comments/HttpRequest.java_60	../../code_corpus/jgrapht/comments/GraphOrdering.java_7	0.987012987013	3.07594936709	1.0	0.931034482759	0	
../../code_corpus/google-http-client/comments/HttpRequest.java_60	../../code_corpus/jgrapht/comments/AbstractBaseGraph.java_26	1.0	16.8888888889	0.979591836735	0.916666666667	0	
../../code_corpus/google-http-client/comments/HttpRequest.java_60	../../code_corpus/jgrapht/comments/Subgraph.java_11	0.986842105263	2.1568627451	0.913793103448	0.851851851852	0	
../../code_corpus/google-http-client/comments/HttpRequest.java_60	../../code_corpus/jgrapht/comments/FibonacciHeapNode.java_12	0.986486486486	5.44	1.0	0.923076923077	0	
../../code_corpus/google-http-client/comments/HttpRequest.java_60	../../code_corpus/jgrapht/comments/AbstractBaseGraph.java_20	1.0	17.9411764706	1.0	0.916666666667	0	
../../code_corpus/google-http-client/comments/HttpRequest.java_60	../../code_corpus/httpclient/comments/HttpClient.java_6	0.913978494624	0.4375	0.828125	0.766666666667	1	
../../code_corpus/google-http-client/comments/HttpRequest.java_60	../../code_corpus/httpclient/comments/HttpClient.java_7	0.908163265306	0.137809187279	0.80303030303	0.766666666667	1	
../../code_corpus/google-http-client/comments/HttpRequest.java_60	../../code_corpus/StanfordCoreNLP/comments/IOUtils.java_16	0.975903614458	2.74418604651	0.951612903226	0.933333333333	0	
../../code_corpus/google-http-client/comments/HttpRequest.java_60	../../code_corpus/StanfordCoreNLP/comments/CleanXmlAnnotator.java_9	1.0	13.0	1.0	0.96	0	
../../code_corpus/google-http-client/comments/HttpRequest.java_60	../../code_corpus/StanfordCoreNLP/comments/IntCounter.java_33	0.988764044944	2.35416666667	0.966101694915	0.911764705882	0	
../../code_corpus/google-http-client/comments/HttpRequest.java_60	../../code_corpus/StanfordCoreNLP/comments/DeterministicCorefSieve.java_2	0.972222222222	9.38709677419	0.962264150943	0.923076923077	0	
../../code_corpus/google-http-client/comments/HttpRequest.java_60	../../code_corpus/StanfordCoreNLP/comments/SemgrexMatcher.java_13	1.0	19.125	0.98	1.0	0	
../../code_corpus/google-http-client/comments/HttpRequest.java_60	../../code_corpus/StanfordCoreNLP/comments/Gale2007ChineseSegmenterFeatureFactory.java_6	1.0	15.9473684211	1.0	0.96	0	
../../code_corpus/google-http-client/comments/HttpRequest.java_60	../../code_corpus/StanfordCoreNLP/comments/SimpleConstituent.java_7	1.0	25.8333333333	1.0	1.0	0	
../../code_corpus/google-http-client/comments/HttpRequest.java_60	../../code_corpus/StanfordCoreNLP/comments/Constituent.java_2	1.0	25.8333333333	1.0	1.0	0	
../../code_corpus/google-http-client/comments/HttpRequest.java_60	../../code_corpus/StanfordCoreNLP/comments/ExhaustiveDependencyParser.java_4	0.986486486486	9.38709677419	1.0	1.0	0	
../../code_corpus/google-http-client/comments/HttpRequest.java_60	../../code_corpus/StanfordCoreNLP/comments/BaseLexicon.java_21	1.0	2.09615384615	1.0	0.9375	0	
../../code_corpus/google-http-client/comments/HttpRequest.java_60	../../code_corpus/StanfordCoreNLP/comments/ATBTreeUtils.java_1	0.957746478873	16.8888888889	0.962264150943	0.958333333333	0	
../../code_corpus/google-http-client/comments/HttpRequest.java_60	../../code_corpus/StanfordCoreNLP/comments/GeneralizedCounter.java_20	1.0	25.8333333333	1.0	1.0	0	
../../code_corpus/google-http-client/comments/HttpRequest.java_60	../../code_corpus/StanfordCoreNLP/comments/Buckwalter.java_1	0.992125984252	0.769230769231	0.975308641975	0.870967741935	0	
../../code_corpus/google-http-client/comments/HttpRequest.java_60	../../code_corpus/StanfordCoreNLP/comments/Graph.java_9	1.0	17.9411764706	1.0	0.96	0	
../../code_corpus/google-http-client/comments/HttpRequest.java_60	../../code_corpus/StanfordCoreNLP/comments/PrecisionRecallStats.java_12	1.0	15.9473684211	0.980392156863	1.0	0	
../../code_corpus/google-http-client/comments/HttpRequest.java_60	../../code_corpus/StanfordCoreNLP/comments/SemanticGraphUtils.java_16	0.986486486486	7.25641025641	0.980769230769	0.896551724138	0	
../../code_corpus/google-http-client/comments/HttpRequest.java_60	../../code_corpus/StanfordCoreNLP/comments/NegraPennLanguagePack.java_12	0.986301369863	6.85365853659	0.982142857143	0.96	0	
../../code_corpus/google-http-client/comments/HttpRequest.java_60	../../code_corpus/StanfordCoreNLP/comments/ColumnDataClassifier.java_6	0.990099009901	1.25174825175	0.95652173913	0.9	0	
../../code_corpus/google-http-client/comments/HttpRequest.java_60	../../code_corpus/StanfordCoreNLP/comments/ExtractorFramesRare.java_23	1.0	39.25	1.0	1.0	0	
../../code_corpus/google-http-client/comments/HttpRequest.java_60	../../code_corpus/StanfordCoreNLP/comments/SystemUtils.java_7	0.985294117647	15.1	0.98	1.0	0	
../../code_corpus/google-http-client/comments/HttpRequest.java_60	../../code_corpus/StanfordCoreNLP/comments/TrainOptions.java_51	1.0	13.6363636364	1.0	1.0	0	
../../code_corpus/google-http-client/comments/HttpRequest.java_60	../../code_corpus/StanfordCoreNLP/comments/Tree.java_78	0.988764044944	1.28368794326	0.984848484848	0.878787878788	0	
../../code_corpus/google-http-client/comments/HttpRequest.java_60	../../code_corpus/StanfordCoreNLP/comments/BasicDocument.java_33	1.0	11.3846153846	1.0	0.961538461538	0	
../../code_corpus/google-http-client/comments/HttpRequest.java_60	../../code_corpus/StanfordCoreNLP/comments/TwoDimensionalCounterInterface.java_1	0.986301369863	13.6363636364	0.961538461538	0.962962962963	0	
../../code_corpus/google-http-client/comments/HttpRequest.java_60	../../code_corpus/StanfordCoreNLP/comments/CRFCliqueTree.java_2	0.976470588235	1.43939393939	0.966666666667	0.96875	0	
../../code_corpus/google-http-client/comments/HttpRequest.java_60	../../code_corpus/StanfordCoreNLP/comments/Feature.java_5	0.985507246377	9.0625	0.981132075472	0.92	0	
../../code_corpus/google-http-client/comments/HttpRequest.java_60	../../code_corpus/StanfordCoreNLP/comments/TaggerFeatures.java_1	1.0	16.8888888889	0.981132075472	0.96	0	
../../code_corpus/google-http-client/comments/HttpRequest.java_60	../../code_corpus/StanfordCoreNLP/comments/Label.java_6	1.0	5.57142857143	0.947368421053	0.88	0	
../../code_corpus/google-http-client/comments/HttpRequest.java_60	../../code_corpus/StanfordCoreNLP/comments/SimpleTreeFactory.java_2	1.0	9.73333333333	0.962264150943	0.961538461538	0	
../../code_corpus/google-http-client/comments/HttpRequest.java_60	../../code_corpus/StanfordCoreNLP/comments/Timing.java_16	1.0	7.25641025641	0.946428571429	0.888888888889	0	
../../code_corpus/google-http-client/comments/HttpRequest.java_60	../../code_corpus/StanfordCoreNLP/comments/CoordinationTransformer.java_1	0.970588235294	0.72192513369	0.94623655914	0.871794871795	0	
../../code_corpus/google-http-client/comments/HttpRequest.java_60	../../code_corpus/StanfordCoreNLP/comments/IOBUtils.java_5	1.0	5.07547169811	1.0	0.962962962963	0	
../../code_corpus/google-http-client/comments/HttpRequest.java_60	../../code_corpus/StanfordCoreNLP/comments/DataWordTag.java_2	1.0	34.7777777778	0.98	0.958333333333	0	
../../code_corpus/google-http-client/comments/HttpRequest.java_60	../../code_corpus/StanfordCoreNLP/comments/RedwoodConfiguration.java_33	0.974137931034	0.703703703704	0.933333333333	0.941176470588	0	
../../code_corpus/google-http-client/comments/HttpRequest.java_60	../../code_corpus/StanfordCoreNLP/comments/EncodingPrintWriter.java_1	0.965909090909	5.3137254902	0.920634920635	0.965517241379	0	
../../code_corpus/google-http-client/comments/HttpRequest.java_60	../../code_corpus/StanfordCoreNLP/comments/ArrayCoreMap.java_21	0.988372093023	2.4623655914	0.983606557377	0.852941176471	0	
../../code_corpus/google-http-client/comments/HttpRequest.java_60	../../code_corpus/StanfordCoreNLP/comments/ChineseEnglishWordMap.java_2	1.0	31.2	1.0	1.0	0	
../../code_corpus/google-http-client/comments/HttpRequest.java_60	../../code_corpus/StanfordCoreNLP/comments/EnglishGrammaticalRelations.java_48	1.0	2.06666666667	0.984375	0.964285714286	0	
../../code_corpus/google-http-client/comments/HttpRequest.java_60	../../code_corpus/StanfordCoreNLP/comments/Triple.java_2	0.987179487179	5.85106382979	0.963636363636	0.966666666667	0	
../../code_corpus/google-http-client/comments/HttpRequest.java_60	../../code_corpus/StanfordCoreNLP/comments/ArabicTreebankParserParams.java_12	0.966666666667	2.35416666667	0.939393939394	0.903225806452	0	
../../code_corpus/google-http-client/comments/HttpRequest.java_60	../../code_corpus/StanfordCoreNLP/comments/SurfacePattern.java_2	0.986301369863	17.9411764706	1.0	1.0	0	
../../code_corpus/google-http-client/comments/HttpRequest.java_60	../../code_corpus/StanfordCoreNLP/comments/NegraPennLanguagePack.java_18	1.0	2.12621359223	0.950819672131	0.90625	0	
../../code_corpus/google-http-client/comments/HttpRequest.java_60	../../code_corpus/StanfordCoreNLP/comments/SloppyMath.java_8	1.0	19.125	0.98	1.0	0	
../../code_corpus/google-http-client/comments/HttpRequest.java_60	../../code_corpus/StanfordCoreNLP/comments/GeneralizedCounter.java_12	1.0	12.4166666667	0.980769230769	1.0	0	
../../code_corpus/google-http-client/comments/HttpRequest.java_60	../../code_corpus/StanfordCoreNLP/comments/ChunkAnnotationUtils.java_12	0.989473684211	0.370212765957	1.0	0.933333333333	0	
../../code_corpus/google-http-client/comments/HttpRequest.java_60	../../code_corpus/StanfordCoreNLP/comments/Americanize.java_1	0.981132075472	2.09615384615	0.938461538462	0.923076923077	0	
../../code_corpus/google-http-client/comments/HttpRequest.java_60	../../code_corpus/StanfordCoreNLP/comments/Extractors.java_7	1.0	8.2	0.981818181818	1.0	0	
../../code_corpus/google-http-client/comments/HttpRequest.java_60	../../code_corpus/StanfordCoreNLP/comments/LambdaSolve.java_21	1.0	15.9473684211	0.980392156863	1.0	0	
../../code_corpus/google-http-client/comments/HttpRequest.java_60	../../code_corpus/StanfordCoreNLP/comments/TwoDimensionalCounterInterface.java_2	1.0	19.125	0.980392156863	0.958333333333	0	
../../code_corpus/google-http-client/comments/HttpRequest.java_60	../../code_corpus/StanfordCoreNLP/comments/LogConditionalEqConstraintFunction.java_4	0.985714285714	9.73333333333	0.980769230769	1.0	0	
../../code_corpus/google-http-client/comments/HttpRequest.java_60	../../code_corpus/StanfordCoreNLP/comments/ExhaustiveDependencyParser.java_12	0.987341772152	3.53521126761	0.981481481481	0.928571428571	0	
../../code_corpus/google-http-client/comments/HttpRequest.java_60	../../code_corpus/StanfordCoreNLP/comments/StringUtils.java_51	1.0	4.64912280702	1.0	0.96	0	
../../code_corpus/google-http-client/comments/HttpRequest.java_60	../../code_corpus/StanfordCoreNLP/comments/EmbeddingFeatureFactory.java_3	1.0	22.0	1.0	0.958333333333	0	
../../code_corpus/google-http-client/comments/HttpRequest.java_60	../../code_corpus/StanfordCoreNLP/comments/TransducerGraph.java_8	1.0	20.4666666667	0.980392156863	1.0	0	
../../code_corpus/google-http-client/comments/HttpRequest.java_60	../../code_corpus/StanfordCoreNLP/comments/ConstantsAndVariables.java_10	1.0	11.3846153846	1.0	0.923076923077	0	
../../code_corpus/google-http-client/comments/HttpRequest.java_60	../../code_corpus/StanfordCoreNLP/comments/TestSentence.java_10	0.973684210526	3.87878787879	0.983050847458	0.807692307692	0	
../../code_corpus/google-http-client/comments/HttpRequest.java_60	../../code_corpus/StanfordCoreNLP/comments/TestOptions.java_2	0.97619047619	3.41095890411	0.968253968254	0.892857142857	0	
../../code_corpus/google-http-client/comments/HttpRequest.java_60	../../code_corpus/StanfordCoreNLP/comments/Counters.java_39	1.0	3.23684210526	0.982456140351	0.931034482759	0	
../../code_corpus/google-http-client/comments/HttpRequest.java_60	../../code_corpus/StanfordCoreNLP/comments/FactoredSequenceListener.java_2	0.986486486486	6.66666666667	0.981481481481	0.962962962963	0	
../../code_corpus/google-http-client/comments/HttpRequest.java_60	../../code_corpus/StanfordCoreNLP/comments/EntityCachingAbstractSequencePriorBIO.java_3	1.0	16.8888888889	1.0	1.0	0	
../../code_corpus/google-http-client/comments/HttpRequest.java_60	../../code_corpus/StanfordCoreNLP/comments/AbstractStochasticCachingDiffUpdateFunction.java_2	1.0	6.48837209302	0.981818181818	0.925925925926	0	
../../code_corpus/google-http-client/comments/HttpRequest.java_60	../../code_corpus/StanfordCoreNLP/comments/AnnotationUtils.java_19	1.0	16.8888888889	1.0	1.0	0	
../../code_corpus/google-http-client/comments/HttpRequest.java_60	../../code_corpus/StanfordCoreNLP/comments/XMLUtils.java_6	1.0	7.05	0.981818181818	0.916666666667	0	
../../code_corpus/google-http-client/comments/HttpRequest.java_60	../../code_corpus/StanfordCoreNLP/comments/NegraLexer.java_21	1.0	16.8888888889	0.98	1.0	0	
../../code_corpus/google-http-client/comments/HttpRequest.java_60	../../code_corpus/StanfordCoreNLP/comments/LogConditionalEqConstraintFunction.java_6	1.0	34.7777777778	1.0	1.0	0	
../../code_corpus/google-http-client/comments/HttpRequest.java_60	../../code_corpus/StanfordCoreNLP/comments/LabeledChunkIdentifier.java_6	1.0	2.35416666667	0.983870967742	0.96875	0	
../../code_corpus/google-http-client/comments/HttpRequest.java_60	../../code_corpus/StanfordCoreNLP/comments/Token.java_9	1.0	17.9411764706	1.0	1.0	0	
../../code_corpus/google-http-client/comments/HttpRequest.java_60	../../code_corpus/StanfordCoreNLP/comments/NumberNormalizer.java_1	0.977777777778	0.341666666667	0.948051948052	0.891304347826	0	
../../code_corpus/google-http-client/comments/HttpRequest.java_60	../../code_corpus/httpclient/comments/HttpClient.java_8	0.91	0.0186335403727	0.811594202899	0.78125	1	
../../code_corpus/OpenNLP/comments/POSTaggerME.java_13	../../code_corpus/jgrapht/comments/TraversalListenerAdapter.java_4	1.0	1.52941176471	1.0	0.666666666667	0	
../../code_corpus/OpenNLP/comments/POSTaggerME.java_13	../../code_corpus/jgrapht/comments/WeightCombiner.java_1	1.0	2.88372093023	0.975609756098	1.0	0	
../../code_corpus/OpenNLP/comments/POSTaggerME.java_13	../../code_corpus/jgrapht/comments/UnionFind.java_5	1.0	0.0	0.909090909091	0.666666666667	0	
../../code_corpus/OpenNLP/comments/POSTaggerME.java_13	../../code_corpus/jgrapht/comments/AbstractExhaustiveIsomorphismInspector.java_8	0.992647058824	11.023255814	0.958333333333	0.969696969697	0	
../../code_corpus/OpenNLP/comments/POSTaggerME.java_13	../../code_corpus/jgrapht/comments/VertexDegreeEquivalenceComparator.java_8	1.0	0.720930232558	1.0	0.75	0	
../../code_corpus/OpenNLP/comments/POSTaggerME.java_13	../../code_corpus/jgrapht/comments/FibonacciHeap.java_15	1.0	1.27906976744	0.909090909091	0.888888888889	0	
../../code_corpus/OpenNLP/comments/POSTaggerME.java_13	../../code_corpus/jgrapht/comments/AbstractGraph.java_9	1.0	0.720930232558	0.875	0.8	0	
../../code_corpus/OpenNLP/comments/POSTaggerME.java_13	../../code_corpus/jgrapht/comments/VertexPair.java_4	1.0	0.255813953488	0.928571428571	0.75	0	
../../code_corpus/OpenNLP/comments/POSTaggerME.java_13	../../code_corpus/jgrapht/comments/AdaptiveIsomorphismInspectorFactory.java_2	1.0	0.0	1.0	1.0	0	
../../code_corpus/OpenNLP/comments/POSTaggerME.java_13	../../code_corpus/jgrapht/comments/RankingPathElement.java_3	1.0	1.38888888889	1.0	0.5	0	
../../code_corpus/OpenNLP/comments/POSTaggerME.java_13	../../code_corpus/jgrapht/comments/EdgeTraversalEvent.java_4	1.0	1.38888888889	0.857142857143	1.0	0	
../../code_corpus/OpenNLP/comments/POSTaggerME.java_13	../../code_corpus/jgrapht/comments/GraphMapping.java_4	1.0	1.09302325581	0.941176470588	0.833333333333	0	
../../code_corpus/OpenNLP/comments/POSTaggerME.java_13	../../code_corpus/jgrapht/comments/ConnectivityInspector.java_5	1.0	0.0697674418605	0.923076923077	0.8	0	
../../code_corpus/OpenNLP/comments/POSTaggerME.java_13	../../code_corpus/jgrapht/comments/CycleDetector.java_9	1.0	2.46511627907	0.958333333333	0.9375	0	
../../code_corpus/OpenNLP/comments/POSTaggerME.java_13	../../code_corpus/jgrapht/comments/EquivalenceSet.java_8	1.0	0.0238095238095	1.0	1.0	0	
../../code_corpus/OpenNLP/comments/POSTaggerME.java_13	../../code_corpus/StanfordCoreNLP/comments/MaxentTagger.java_21	0.958333333333	0.813953488372	0.904761904762	0.8	1	
../../code_corpus/jung_api/comments/Hypergraph.java_14	../../code_corpus/HtmlCleaner/comments/Utils.java_6	1.0	0.395061728395	0.954545454545	0.888888888889	0	
../../code_corpus/jung_api/comments/Hypergraph.java_14	../../code_corpus/HtmlCleaner/comments/HtmlCleaner.java_22	1.0	0.125	0.95652173913	0.857142857143	0	
../../code_corpus/jung_api/comments/Hypergraph.java_14	../../code_corpus/HtmlCleaner/comments/Utils.java_5	1.0	1.45454545455	0.933333333333	0.857142857143	0	
../../code_corpus/jung_api/comments/Hypergraph.java_14	../../code_corpus/HtmlCleaner/comments/ITagInfoProvider.java_3	1.0	0.5	0.931034482759	0.916666666667	0	
../../code_corpus/jung_api/comments/Hypergraph.java_14	../../code_corpus/HtmlCleaner/comments/TagNode.java_12	1.0	0.125	0.95	0.875	0	
../../code_corpus/jung_api/comments/Hypergraph.java_14	../../code_corpus/jgrapht/comments/Graph.java_9	0.894736842105	1.1975308642	0.689655172414	0.727272727273	1	
../../code_corpus/jung_api/comments/Hypergraph.java_14	../../code_corpus/OpenNLP/comments/NGramModel.java_10	1.0	1.79310344828	0.944444444444	0.857142857143	0	
../../code_corpus/jung_api/comments/Hypergraph.java_14	../../code_corpus/OpenNLP/comments/AbstractContextGenerator.java_2	1.0	4.0625	1.0	1.0	0	
../../code_corpus/jung_api/comments/Hypergraph.java_14	../../code_corpus/OpenNLP/comments/BuildContextGenerator.java_4	1.0	0.0945945945946	0.913043478261	0.909090909091	0	
../../code_corpus/jung_api/comments/Hypergraph.java_14	../../code_corpus/OpenNLP/comments/SDContextGenerator.java_2	1.0	8.0	1.0	1.0	0	
../../code_corpus/jung_api/comments/Hypergraph.java_14	../../code_corpus/OpenNLP/comments/TokenizerFactory.java_7	1.0	4.4	1.0	1.0	0	
../../code_corpus/jung_api/comments/Hypergraph.java_14	../../code_corpus/OpenNLP/comments/GISTrainer.java_23	1.0	0.172839506173	0.958333333333	0.933333333333	0	
../../code_corpus/jung_api/comments/Hypergraph.java_14	../../code_corpus/OpenNLP/comments/TokenNameFinderCrossValidatorTool.java_1	1.0	0.641975308642	1.0	0.928571428571	0	
../../code_corpus/jung_api/comments/Hypergraph.java_14	../../code_corpus/OpenNLP/comments/AbstractTypedParamTool.java_2	1.0	4.0625	1.0	1.0	0	
../../code_corpus/jung_api/comments/Hypergraph.java_14	../../code_corpus/OpenNLP/comments/MutableTagDictionary.java_1	1.0	0.641975308642	1.0	0.928571428571	0	
../../code_corpus/jung_api/comments/Hypergraph.java_14	../../code_corpus/OpenNLP/comments/AbstractModelReader.java_4	1.0	3.05	1.0	0.857142857143	0	
../../code_corpus/jung_api/comments/Hypergraph.java_14	../../code_corpus/OpenNLP/comments/ParserEventStream.java_1	1.0	0.641975308642	1.0	0.928571428571	0	
../../code_corpus/jung_api/comments/Hypergraph.java_14	../../code_corpus/OpenNLP/comments/QNMinimizer.java_10	1.0	1.07692307692	1.0	1.0	0	
../../code_corpus/jung_api/comments/Hypergraph.java_14	../../code_corpus/OpenNLP/comments/CountedSet.java_4	1.0	1.45454545455	0.944444444444	0.857142857143	0	
../../code_corpus/jung_api/comments/Hypergraph.java_14	../../code_corpus/OpenNLP/comments/ChunkerMETool.java_1	1.0	0.641975308642	1.0	0.928571428571	0	
../../code_corpus/jung_api/comments/Hypergraph.java_14	../../code_corpus/OpenNLP/comments/ParserEvaluator.java_7	1.0	5.75	1.0	1.0	0	
../../code_corpus/jung_api/comments/Hypergraph.java_14	../../code_corpus/OpenNLP/comments/Version.java_2	1.0	0.0987654320988	0.935483870968	1.0	0	
../../code_corpus/jung_api/comments/Hypergraph.java_14	../../code_corpus/OpenNLP/comments/SentenceDetectorTrainerTool.java_1	1.0	0.641975308642	1.0	0.928571428571	0	
../../code_corpus/jung_api/comments/Hypergraph.java_14	../../code_corpus/OpenNLP/comments/GeneratorFactory.java_10	1.0	6.36363636364	1.0	0.8	0	
../../code_corpus/jung_api/comments/Hypergraph.java_14	../../code_corpus/OpenNLP/comments/ModelDomain.java_1	1.0	0.679012345679	1.0	0.933333333333	0	
../../code_corpus/jung_api/comments/Hypergraph.java_14	../../code_corpus/OpenNLP/comments/AbstractBottomUpParser.java_36	1.0	0.148148148148	0.925925925926	0.916666666667	0	
../../code_corpus/jung_api/comments/Hypergraph.java_14	../../code_corpus/OpenNLP/comments/AbstractModelReader.java_2	1.0	3.76470588235	1.0	1.0	0	
../../code_corpus/jung_api/comments/Hypergraph.java_14	../../code_corpus/OpenNLP/comments/PorterStemmer.java_17	1.0	0.588235294118	0.954545454545	1.0	0	
../../code_corpus/jung_api/comments/Hypergraph.java_14	../../code_corpus/OpenNLP/comments/POSTaggerFineGrainedReportListener.java_12	1.0	1.31428571429	0.933333333333	0.833333333333	0	
../../code_corpus/jung_api/comments/Hypergraph.java_14	../../code_corpus/OpenNLP/comments/BinaryPerceptronModelReader.java_3	1.0	0.421052631579	0.952380952381	0.8	0	
../../code_corpus/jung_api/comments/Hypergraph.java_14	../../code_corpus/OpenNLP/comments/SentenceDetectorME.java_14	1.0	0.421052631579	0.944444444444	0.75	0	
../../code_corpus/jung_api/comments/Hypergraph.java_14	../../code_corpus/OpenNLP/comments/InvalidFormatException.java_1	1.0	0.641975308642	1.0	0.928571428571	0	
../../code_corpus/jung_api/comments/Hypergraph.java_14	../../code_corpus/jgrapht/comments/Subgraph.java_11	0.772727272727	0.259259259259	0.619047619048	0.777777777778	1	
../../code_corpus/jgrapht/comments/Graph.java_20	../../code_corpus/httpclient/comments/RedirectLocations.java_1	0.983333333333	0.08	0.98275862069	0.939393939394	0	
../../code_corpus/jgrapht/comments/Graph.java_20	../../code_corpus/httpclient/comments/Idn.java_1	0.983333333333	0.08	0.98275862069	0.939393939394	0	
../../code_corpus/jgrapht/comments/Graph.java_20	../../code_corpus/httpclient/comments/BasicCookieStore.java_1	0.983333333333	0.08	0.98275862069	0.939393939394	0	
../../code_corpus/jgrapht/comments/Graph.java_20	../../code_corpus/httpclient/comments/ServiceUnavailableRetryExec.java_2	1.0	2.0	0.971428571429	0.863636363636	0	
../../code_corpus/jgrapht/comments/Graph.java_20	../../code_corpus/httpclient/comments/Scheme.java_2	1.0	1.01063829787	0.92	0.925925925926	0	
../../code_corpus/jgrapht/comments/Graph.java_20	../../code_corpus/httpclient/comments/HttpClientBuilder.java_16	1.0	6.0	0.966666666667	1.0	0	
../../code_corpus/jgrapht/comments/Graph.java_20	../../code_corpus/httpclient/comments/EntityBuilder.java_7	1.0	4.72727272727	0.970588235294	1.0	0	
../../code_corpus/jgrapht/comments/Graph.java_20	../../code_corpus/httpclient/comments/BasicUserPrincipal.java_2	1.0	12.5	1.0	0.944444444444	0	
../../code_corpus/jgrapht/comments/Graph.java_20	../../code_corpus/httpclient/comments/DeflateInputStream.java_6	1.0	14.75	0.961538461538	1.0	0	
../../code_corpus/jgrapht/comments/Graph.java_20	../../code_corpus/httpclient/comments/Rfc3492Idn.java_2	1.0	12.5	0.964285714286	0.941176470588	0	
../../code_corpus/jgrapht/comments/Graph.java_20	../../code_corpus/httpclient/comments/BasicClientCookie.java_11	1.0	0.928571428571	0.934782608696	0.875	0	
../../code_corpus/jgrapht/comments/Graph.java_20	../../code_corpus/httpclient/comments/BasicClientCookie.java_10	1.0	0.817307692308	0.886363636364	0.869565217391	0	
../../code_corpus/jgrapht/comments/Graph.java_20	../../code_corpus/httpclient/comments/ConnectionReleaseTrigger.java_3	1.0	0.379562043796	0.977272727273	0.809523809524	0	
../../code_corpus/jgrapht/comments/Graph.java_20	../../code_corpus/httpclient/comments/HttpPut.java_2	1.0	1.45454545455	0.97619047619	0.896551724138	0	
../../code_corpus/jgrapht/comments/Graph.java_20	../../code_corpus/httpclient/comments/ClientCookie.java_2	0.981132075472	1.52	0.975	0.818181818182	0	
../../code_corpus/jgrapht/comments/Graph.java_20	../../code_corpus/jung_api/comments/Hypergraph.java_17	0.913793103448	0.0924855491329	0.714285714286	0.761904761905	1	
../../code_corpus/jung_api/comments/Graph.java_18	../../code_corpus/google-http-client/comments/JsonParser.java_5	1.0	5.35294117647	0.95	1.0	0	
../../code_corpus/jung_api/comments/Graph.java_18	../../code_corpus/google-http-client/comments/GenericUrl.java_3	1.0	1.84210526316	0.96	0.9	0	
../../code_corpus/jung_api/comments/Graph.java_18	../../code_corpus/google-http-client/comments/HttpRequest.java_56	1.0	2.08571428571	0.955555555556	0.894736842105	0	
../../code_corpus/jung_api/comments/Graph.java_18	../../code_corpus/google-http-client/comments/HttpRequest.java_36	1.0	8.81818181818	0.972222222222	1.0	0	
../../code_corpus/jung_api/comments/Graph.java_18	../../code_corpus/google-http-client/comments/HttpHeaders.java_64	0.982142857143	3.0	0.921052631579	0.941176470588	0	
../../code_corpus/jung_api/comments/Graph.java_18	../../code_corpus/google-http-client/comments/HttpResponse.java_15	1.0	7.0	0.947368421053	1.0	0	
../../code_corpus/jung_api/comments/Graph.java_18	../../code_corpus/google-http-client/comments/FieldInfo.java_12	1.0	8.81818181818	0.947368421053	1.0	0	
../../code_corpus/jung_api/comments/Graph.java_18	../../code_corpus/google-http-client/comments/ApacheHttpResponse.java_2	1.0	8.81818181818	1.0	1.0	0	
../../code_corpus/jung_api/comments/Graph.java_18	../../code_corpus/google-http-client/comments/JsonWebSignature.java_6	1.0	2.17647058824	0.977777777778	0.941176470588	0	
../../code_corpus/jung_api/comments/Graph.java_18	../../code_corpus/jgrapht/comments/Graph.java_7	0.921348314607	0.699074074074	0.74	0.78125	1	
../../code_corpus/jung_api/comments/Hypergraph.java_18	../../code_corpus/jgrapht/comments/Graph.java_18	0.913043478261	0.457142857143	0.739130434783	0.75	1	
../../code_corpus/aws-sdk-java/comments/AmazonRDSClient.java_5	../../code_corpus/aws-sdk-java/comments/AmazonRDSAsyncClient.java_5	0.0192307692308	0.00408163265306	0.0	0.0	1	
../../code_corpus/aws-sdk-java/comments/AmazonRDSAsyncClient.java_5	../../code_corpus/google-http-client/comments/StringUtils.java_3	1.0	7.2	1.0	0.866666666667	0	
../../code_corpus/aws-sdk-java/comments/AmazonRDSAsyncClient.java_5	../../code_corpus/google-http-client/comments/HttpResponseException.java_14	0.970149253731	2.41666666667	0.962962962963	0.95	0	
../../code_corpus/aws-sdk-java/comments/AmazonRDSAsyncClient.java_5	../../code_corpus/google-http-client/comments/FieldInfo.java_1	1.0	1.5625	1.0	0.95652173913	0	
../../code_corpus/aws-sdk-java/comments/AmazonRDSAsyncClient.java_5	../../code_corpus/google-http-client/comments/HttpRequest.java_12	0.982456140351	8.46153846154	0.979591836735	1.0	0	
../../code_corpus/aws-sdk-java/comments/AmazonRDSAsyncClient.java_5	../../code_corpus/google-http-client/comments/DateTime.java_2	0.971014492754	4.72093023256	0.945454545455	0.882352941176	0	
../../code_corpus/aws-sdk-java/comments/AmazonRDSAsyncClient.java_5	../../code_corpus/google-http-client/comments/Escaper.java_3	0.952941176471	0.64	0.924242424242	0.875	0	
../../code_corpus/aws-sdk-java/comments/AmazonRDSAsyncClient.java_5	../../code_corpus/google-http-client/comments/HttpTransport.java_6	1.0	8.11111111111	1.0	0.933333333333	0	
../../code_corpus/aws-sdk-java/comments/AmazonRDSAsyncClient.java_5	../../code_corpus/google-http-client/comments/JsonGenerator.java_4	1.0	7.48275862069	0.979591836735	1.0	0	
../../code_corpus/aws-sdk-java/comments/AmazonRDSAsyncClient.java_5	../../code_corpus/google-http-client/comments/ClassInfo.java_12	0.984848484848	2.96774193548	0.945454545455	0.833333333333	0	
../../code_corpus/aws-sdk-java/comments/AmazonRDSAsyncClient.java_5	../../code_corpus/google-http-client/comments/ExponentialBackOff.java_23	0.98275862069	6.45454545455	0.980392156863	1.0	0	
../../code_corpus/aws-sdk-java/comments/AmazonRDSAsyncClient.java_5	../../code_corpus/aws-sdk-java/comments/AmazonEC2AsyncClient.java_5	0.0740740740741	0.0	0.0888888888889	0.0714285714286	1	
../../code_corpus/aws-sdk-java/comments/AmazonEC2AsyncClient.java_5	../../code_corpus/OpenNLP/comments/BioNLP2004NameSampleStream.java_2	0.987179487179	3.47272727273	0.967213114754	0.909090909091	0	
../../code_corpus/aws-sdk-java/comments/AmazonEC2AsyncClient.java_5	../../code_corpus/OpenNLP/comments/FMeasure.java_6	1.0	5.30769230769	1.0	0.9375	0	
../../code_corpus/aws-sdk-java/comments/AmazonEC2AsyncClient.java_5	../../code_corpus/OpenNLP/comments/POSToSentenceSampleStream.java_1	1.0	0.84962406015	1.0	0.909090909091	0	
../../code_corpus/aws-sdk-java/comments/AmazonEC2AsyncClient.java_5	../../code_corpus/OpenNLP/comments/GIS.java_12	0.974025974026	0.795620437956	0.966101694915	0.833333333333	0	
../../code_corpus/aws-sdk-java/comments/AmazonEC2AsyncClient.java_5	../../code_corpus/OpenNLP/comments/Cons.java_1	1.0	0.84962406015	1.0	0.909090909091	0	
../../code_corpus/aws-sdk-java/comments/AmazonEC2AsyncClient.java_5	../../code_corpus/OpenNLP/comments/SDContextGenerator.java_3	1.0	1.5625	0.983333333333	0.875	0	
../../code_corpus/aws-sdk-java/comments/AmazonEC2AsyncClient.java_5	../../code_corpus/OpenNLP/comments/CrossValidationPartitioner.java_3	1.0	9.25	0.938775510204	0.923076923077	0	
../../code_corpus/aws-sdk-java/comments/AmazonEC2AsyncClient.java_5	../../code_corpus/OpenNLP/comments/OldFormatGISModelReader.java_3	0.98275862069	7.78571428571	1.0	0.928571428571	0	
../../code_corpus/aws-sdk-java/comments/AmazonEC2AsyncClient.java_5	../../code_corpus/OpenNLP/comments/ParallelNegLogLikelihood.java_8	1.0	16.5714285714	1.0	1.0	0	
../../code_corpus/aws-sdk-java/comments/AmazonEC2AsyncClient.java_5	../../code_corpus/OpenNLP/comments/TokenNameFinderTool.java_1	1.0	0.84962406015	1.0	0.909090909091	0	
../../code_corpus/aws-sdk-java/comments/AmazonEC2AsyncClient.java_5	../../code_corpus/OpenNLP/comments/DoccatTool.java_2	1.0	6.93548387097	1.0	1.0	0	
../../code_corpus/aws-sdk-java/comments/AmazonEC2AsyncClient.java_5	../../code_corpus/OpenNLP/comments/WhitespaceTokenizer.java_3	0.982142857143	9.25	0.978260869565	0.928571428571	0	
../../code_corpus/aws-sdk-java/comments/AmazonEC2AsyncClient.java_5	../../code_corpus/OpenNLP/comments/PerceptronTrainer.java_5	1.0	5.83333333333	0.959183673469	0.9375	0	
../../code_corpus/aws-sdk-java/comments/AmazonEC2AsyncClient.java_5	../../code_corpus/OpenNLP/comments/NGramModel.java_3	1.0	17.9230769231	1.0	1.0	0	
../../code_corpus/aws-sdk-java/comments/AmazonEC2AsyncClient.java_5	../../code_corpus/OpenNLP/comments/AbstractContextGenerator.java_1	1.0	0.84962406015	1.0	0.909090909091	0	
../../code_corpus/aws-sdk-java/comments/AmazonEC2AsyncClient.java_5	../../code_corpus/OpenNLP/comments/Span.java_11	1.0	8.11111111111	1.0	0.923076923077	0	
../../code_corpus/aws-sdk-java/comments/AmazonEC2AsyncClient.java_5	../../code_corpus/OpenNLP/comments/AbstractBottomUpParser.java_3	1.0	8.46153846154	1.0	1.0	0	
../../code_corpus/aws-sdk-java/comments/AmazonEC2AsyncClient.java_5	../../code_corpus/OpenNLP/comments/TokSpanEventStream.java_3	1.0	6.93548387097	0.978723404255	0.928571428571	0	
../../code_corpus/aws-sdk-java/comments/AmazonEC2AsyncClient.java_5	../../code_corpus/OpenNLP/comments/POSDictionary.java_7	0.987341772152	1.34285714286	0.985074626866	0.833333333333	0	
../../code_corpus/aws-sdk-java/comments/AmazonEC2AsyncClient.java_5	../../code_corpus/OpenNLP/comments/danishStemmer.java_1	0.975308641975	1.23636363636	1.0	0.909090909091	0	
../../code_corpus/aws-sdk-java/comments/AmazonEC2AsyncClient.java_5	../../code_corpus/OpenNLP/comments/Parse.java_33	0.983606557377	4.02040816327	0.980769230769	0.882352941176	0	
../../code_corpus/aws-sdk-java/comments/AmazonEC2AsyncClient.java_5	../../code_corpus/OpenNLP/comments/UniformPrior.java_2	0.982456140351	19.5	1.0	1.0	0	
../../code_corpus/aws-sdk-java/comments/AmazonEC2AsyncClient.java_5	../../code_corpus/OpenNLP/comments/DoccatFactory.java_1	1.0	0.84962406015	1.0	0.909090909091	0	
../../code_corpus/aws-sdk-java/comments/AmazonEC2AsyncClient.java_5	../../code_corpus/aws-sdk-java/comments/AmazonIdentityManagementClient.java_5	0.0925925925926	0.00408163265306	0.0681818181818	0.133333333333	1	
../../code_corpus/aws-sdk-java/comments/AmazonIdentityManagementClient.java_5	../../code_corpus/httpclient/comments/URIBuilder.java_6	1.0	13.4117647059	1.0	0.933333333333	0	
../../code_corpus/aws-sdk-java/comments/AmazonIdentityManagementClient.java_5	../../code_corpus/httpclient/comments/RFC2965Spec.java_4	1.0	10.1363636364	1.0	1.0	0	
../../code_corpus/aws-sdk-java/comments/AmazonIdentityManagementClient.java_5	../../code_corpus/httpclient/comments/SPNegoScheme.java_1	0.987804878049	0.4	0.986666666667	0.862068965517	0	
../../code_corpus/aws-sdk-java/comments/AmazonIdentityManagementClient.java_5	../../code_corpus/httpclient/comments/UrlEncodedFormEntity.java_1	0.987804878049	0.4	0.986666666667	0.862068965517	0	
../../code_corpus/aws-sdk-java/comments/AmazonIdentityManagementClient.java_5	../../code_corpus/httpclient/comments/DnsResolver.java_2	0.983333333333	9.65217391304	1.0	0.947368421053	0	
../../code_corpus/aws-sdk-java/comments/AmazonIdentityManagementClient.java_5	../../code_corpus/httpclient/comments/HttpClientContext.java_3	0.964912280702	6.42424242424	0.979166666667	1.0	0	
../../code_corpus/aws-sdk-java/comments/AmazonIdentityManagementClient.java_5	../../code_corpus/httpclient/comments/BasicScheme.java_11	0.984848484848	1.52577319588	0.944444444444	0.888888888889	0	
../../code_corpus/aws-sdk-java/comments/AmazonIdentityManagementClient.java_5	../../code_corpus/httpclient/comments/UserTokenHandler.java_1	0.987804878049	0.4	0.986666666667	0.862068965517	0	
../../code_corpus/aws-sdk-java/comments/AmazonIdentityManagementClient.java_5	../../code_corpus/httpclient/comments/HttpClients.java_2	0.981818181818	19.4166666667	0.978260869565	1.0	0	
../../code_corpus/aws-sdk-java/comments/AmazonIdentityManagementClient.java_5	../../code_corpus/httpclient/comments/PlainConnectionSocketFactory.java_2	1.0	15.3333333333	1.0	0.9375	0	
../../code_corpus/aws-sdk-java/comments/AmazonIdentityManagementClient.java_5	../../code_corpus/httpclient/comments/BasicResponseHandler.java_1	0.987804878049	0.4	0.986666666667	0.862068965517	0	
../../code_corpus/aws-sdk-java/comments/AmazonIdentityManagementClient.java_5	../../code_corpus/httpclient/comments/SchemeRegistry.java_3	1.0	10.6666666667	1.0	1.0	0	
../../code_corpus/aws-sdk-java/comments/AmazonIdentityManagementClient.java_5	../../code_corpus/httpclient/comments/RequestConfig.java_10	0.985074626866	2.60294117647	0.979591836735	0.9	0	
../../code_corpus/aws-sdk-java/comments/AmazonIdentityManagementClient.java_5	../../code_corpus/httpclient/comments/ManagedHttpClientConnectionFactory.java_2	1.0	21.2727272727	1.0	1.0	0	
../../code_corpus/aws-sdk-java/comments/AmazonIdentityManagementClient.java_5	../../code_corpus/aws-sdk-java/comments/AmazonIdentityManagementAsyncClient.java_5	0.0192307692308	0.00408163265306	0.0	0.0	1	
../../code_corpus/aws-sdk-java/comments/AmazonIdentityManagementAsyncClient.java_5	../../code_corpus/jgrapht/comments/DefaultListenableGraph.java_5	0.962025316456	0.651006711409	0.913793103448	0.818181818182	0	
../../code_corpus/aws-sdk-java/comments/AmazonIdentityManagementAsyncClient.java_5	../../code_corpus/jgrapht/comments/GraphDelegator.java_11	1.0	13.4705882353	0.977272727273	0.866666666667	0	
../../code_corpus/aws-sdk-java/comments/AmazonIdentityManagementAsyncClient.java_5	../../code_corpus/jgrapht/comments/AbstractExhaustiveIsomorphismInspector.java_8	0.989010989011	1.10162601626	0.952830188679	0.829268292683	0	
../../code_corpus/aws-sdk-java/comments/AmazonIdentityManagementAsyncClient.java_5	../../code_corpus/jgrapht/comments/EmptyGraphGenerator.java_1	0.990384615385	0.473053892216	0.96	0.916666666667	0	
../../code_corpus/aws-sdk-java/comments/AmazonIdentityManagementAsyncClient.java_5	../../code_corpus/jgrapht/comments/GraphIterator.java_7	1.0	5.0	0.979166666667	0.882352941176	0	
../../code_corpus/aws-sdk-java/comments/AmazonIdentityManagementAsyncClient.java_5	../../code_corpus/jgrapht/comments/DirectedAcyclicGraph.java_4	1.0	12.6666666667	1.0	1.0	0	
../../code_corpus/aws-sdk-java/comments/AmazonIdentityManagementAsyncClient.java_5	../../code_corpus/jgrapht/comments/BlockCutpointGraph.java_12	1.0	12.6666666667	1.0	1.0	0	
../../code_corpus/aws-sdk-java/comments/AmazonIdentityManagementAsyncClient.java_5	../../code_corpus/jgrapht/comments/WeightedMultigraph.java_3	1.0	4.02040816327	0.981818181818	0.909090909091	0	
../../code_corpus/aws-sdk-java/comments/AmazonIdentityManagementAsyncClient.java_5	../../code_corpus/jgrapht/comments/Subgraph.java_27	1.0	7.48275862069	1.0	0.875	0	
../../code_corpus/aws-sdk-java/comments/AmazonIdentityManagementAsyncClient.java_5	../../code_corpus/jgrapht/comments/UndirectedMaskSubgraph.java_1	0.990384615385	0.473053892216	0.96	0.916666666667	0	
../../code_corpus/aws-sdk-java/comments/AmazonIdentityManagementAsyncClient.java_5	../../code_corpus/jgrapht/comments/ListenableGraph.java_3	1.0	7.78571428571	1.0	0.875	0	
../../code_corpus/aws-sdk-java/comments/AmazonIdentityManagementAsyncClient.java_5	../../code_corpus/jgrapht/comments/TransitiveClosure.java_1	0.990384615385	0.473053892216	0.96	0.916666666667	0	
../../code_corpus/aws-sdk-java/comments/AmazonIdentityManagementAsyncClient.java_5	../../code_corpus/jgrapht/comments/RandomGraphHelper.java_2	0.985507246377	4.72093023256	1.0	1.0	0	
../../code_corpus/aws-sdk-java/comments/AmazonIdentityManagementAsyncClient.java_5	../../code_corpus/aws-sdk-java/comments/AmazonAutoScalingClient.java_5	0.0925925925926	0.00408163265306	0.046511627907	0.1875	1	
../../code_corpus/aws-sdk-java/comments/AmazonAutoScalingClient.java_5	../../code_corpus/jung_api/comments/Hypergraph.java_2	0.939393939394	0.0408163265306	0.894117647059	0.838709677419	0	
../../code_corpus/aws-sdk-java/comments/AmazonAutoScalingClient.java_5	../../code_corpus/jung_api/comments/GraphDecorator.java_36	1.0	48.0	0.976744186047	0.857142857143	0	
../../code_corpus/aws-sdk-java/comments/AmazonAutoScalingClient.java_5	../../code_corpus/aws-sdk-java/comments/AWSStorageGatewayClient.java_5	0.0754716981132	0.0	0.046511627907	0.1875	1	
../../code_corpus/aws-sdk-java/comments/AWSStorageGatewayClient.java_5	../../code_corpus/StanfordCoreNLP/comments/Buckwalter.java_4	1.0	39.8333333333	1.0	1.0	0	
../../code_corpus/aws-sdk-java/comments/AWSStorageGatewayClient.java_5	../../code_corpus/StanfordCoreNLP/comments/TregexGUI.java_5	1.0	11.8947368421	1.0	1.0	0	
../../code_corpus/aws-sdk-java/comments/AWSStorageGatewayClient.java_5	../../code_corpus/StanfordCoreNLP/comments/Counters.java_61	1.0	3.375	0.98	0.941176470588	0	
../../code_corpus/aws-sdk-java/comments/AWSStorageGatewayClient.java_5	../../code_corpus/StanfordCoreNLP/comments/AbstractEval.java_4	0.984615384615	5.62162162162	0.980392156863	1.0	0	
../../code_corpus/aws-sdk-java/comments/AWSStorageGatewayClient.java_5	../../code_corpus/StanfordCoreNLP/comments/DataFilePaths.java_1	0.948717948718	1.57894736842	0.967213114754	0.961538461538	0	
../../code_corpus/aws-sdk-java/comments/AWSStorageGatewayClient.java_5	../../code_corpus/StanfordCoreNLP/comments/StringUtils.java_9	0.957142857143	1.47474747475	0.921568627451	0.954545454545	0	
../../code_corpus/aws-sdk-java/comments/AWSStorageGatewayClient.java_5	../../code_corpus/StanfordCoreNLP/comments/Alignment.java_6	1.0	17.8461538462	1.0	1.0	0	
../../code_corpus/aws-sdk-java/comments/AWSStorageGatewayClient.java_5	../../code_corpus/StanfordCoreNLP/comments/KBestViterbiParser.java_5	1.0	2.14102564103	0.980769230769	0.863636363636	0	
../../code_corpus/aws-sdk-java/comments/AWSStorageGatewayClient.java_5	../../code_corpus/StanfordCoreNLP/comments/LogConditionalEqConstraintFunction.java_3	1.0	12.6111111111	1.0	0.933333333333	0	
../../code_corpus/aws-sdk-java/comments/AWSStorageGatewayClient.java_5	../../code_corpus/StanfordCoreNLP/comments/QNMinimizer.java_16	0.983606557377	7.44827586207	1.0	0.944444444444	0	
../../code_corpus/aws-sdk-java/comments/AWSStorageGatewayClient.java_5	../../code_corpus/StanfordCoreNLP/comments/SemanticGraph.java_44	1.0	8.07407407407	0.958333333333	1.0	0	
../../code_corpus/aws-sdk-java/comments/AWSStorageGatewayClient.java_5	../../code_corpus/StanfordCoreNLP/comments/Options.java_6	0.941605839416	0.29387755102	0.898876404494	0.794117647059	0	
../../code_corpus/aws-sdk-java/comments/AWSStorageGatewayClient.java_5	../../code_corpus/StanfordCoreNLP/comments/Redwood.java_28	0.982142857143	8.42307692308	0.977272727273	1.0	0	
../../code_corpus/aws-sdk-java/comments/AWSStorageGatewayClient.java_5	../../code_corpus/StanfordCoreNLP/comments/Interval.java_1	0.978260869565	0.801470588235	0.983606557377	0.866666666667	0	
../../code_corpus/aws-sdk-java/comments/AWSStorageGatewayClient.java_5	../../code_corpus/StanfordCoreNLP/comments/UnaryTransition.java_3	1.0	10.1363636364	1.0	1.0	0	
../../code_corpus/aws-sdk-java/comments/AWSStorageGatewayClient.java_5	../../code_corpus/StanfordCoreNLP/comments/CoreAnnotations.java_5	1.0	5.125	0.96	1.0	0	
../../code_corpus/aws-sdk-java/comments/AWSStorageGatewayClient.java_5	../../code_corpus/StanfordCoreNLP/comments/CountWrapper.java_2	1.0	11.8947368421	1.0	1.0	0	
../../code_corpus/aws-sdk-java/comments/AWSStorageGatewayClient.java_5	../../code_corpus/StanfordCoreNLP/comments/Extractor.java_4	0.947368421053	1.00819672131	0.962962962963	0.967741935484	0	
../../code_corpus/aws-sdk-java/comments/AWSStorageGatewayClient.java_5	../../code_corpus/StanfordCoreNLP/comments/GrammaticalFunctionTreeNormalizer.java_4	1.0	8.07407407407	1.0	1.0	0	
../../code_corpus/aws-sdk-java/comments/AWSStorageGatewayClient.java_5	../../code_corpus/StanfordCoreNLP/comments/FuzzyInterval.java_3	0.983050847458	4.32608695652	0.954545454545	0.941176470588	0	
../../code_corpus/aws-sdk-java/comments/AWSStorageGatewayClient.java_5	../../code_corpus/StanfordCoreNLP/comments/Dependency.java_6	0.971428571429	2.95161290323	0.961538461538	1.0	0	
../../code_corpus/aws-sdk-java/comments/AWSStorageGatewayClient.java_5	../../code_corpus/StanfordCoreNLP/comments/TokenSequenceMatcher.java_2	1.0	8.8	1.0	1.0	0	
../../code_corpus/aws-sdk-java/comments/AWSStorageGatewayClient.java_5	../../code_corpus/StanfordCoreNLP/comments/ConfusionMatrix.java_6	1.0	10.1363636364	1.0	1.0	0	
../../code_corpus/aws-sdk-java/comments/AWSStorageGatewayClient.java_5	../../code_corpus/StanfordCoreNLP/comments/BasicEntityExtractor.java_6	0.986486486486	1.20720720721	0.967213114754	0.947368421053	0	
../../code_corpus/aws-sdk-java/comments/AWSStorageGatewayClient.java_5	../../code_corpus/StanfordCoreNLP/comments/NumberRangesFileFilter.java_1	0.967213114754	0.150234741784	0.951807228916	0.885714285714	0	
../../code_corpus/aws-sdk-java/comments/AWSStorageGatewayClient.java_5	../../code_corpus/StanfordCoreNLP/comments/EnglishGrammaticalRelations.java_4	1.0	4.21276595745	0.938775510204	1.0	0	
../../code_corpus/aws-sdk-java/comments/AWSStorageGatewayClient.java_5	../../code_corpus/StanfordCoreNLP/comments/Sets.java_6	1.0	13.4117647059	0.978723404255	1.0	0	
../../code_corpus/aws-sdk-java/comments/AWSStorageGatewayClient.java_5	../../code_corpus/StanfordCoreNLP/comments/TaggerConfig.java_8	0.966101694915	6.90322580645	1.0	1.0	0	
../../code_corpus/aws-sdk-java/comments/AWSStorageGatewayClient.java_5	../../code_corpus/StanfordCoreNLP/comments/ChineseDocumentToSentenceProcessor.java_4	0.983050847458	8.42307692308	1.0	1.0	0	
../../code_corpus/aws-sdk-java/comments/AWSStorageGatewayClient.java_5	../../code_corpus/StanfordCoreNLP/comments/EnglishGrammaticalRelations.java_57	0.987654320988	1.78409090909	0.963636363636	0.909090909091	0	
../../code_corpus/aws-sdk-java/comments/AWSStorageGatewayClient.java_5	../../code_corpus/StanfordCoreNLP/comments/SimpleTree.java_8	1.0	4.0	0.96	0.894736842105	0	
../../code_corpus/aws-sdk-java/comments/AWSStorageGatewayClient.java_5	../../code_corpus/StanfordCoreNLP/comments/StringUtils.java_71	0.966101694915	4.0	0.959183673469	0.9	0	
../../code_corpus/aws-sdk-java/comments/AWSStorageGatewayClient.java_5	../../code_corpus/StanfordCoreNLP/comments/AdjoinNode.java_1	1.0	14.3125	0.978723404255	0.9375	0	
../../code_corpus/aws-sdk-java/comments/AWSStorageGatewayClient.java_5	../../code_corpus/StanfordCoreNLP/comments/CoreAnnotations.java_7	1.0	5.44736842105	0.980392156863	1.0	0	
../../code_corpus/aws-sdk-java/comments/AWSStorageGatewayClient.java_5	../../code_corpus/StanfordCoreNLP/comments/FixedPrioritiesPriorityQueue.java_14	1.0	7.16666666667	0.979166666667	1.0	0	
../../code_corpus/aws-sdk-java/comments/AWSStorageGatewayClient.java_5	../../code_corpus/StanfordCoreNLP/comments/CountClosedTags.java_8	1.0	13.4117647059	1.0	0.9375	0	
../../code_corpus/aws-sdk-java/comments/AWSStorageGatewayClient.java_5	../../code_corpus/StanfordCoreNLP/comments/EnglishUnknownWordModel.java_2	0.984126984127	4.6976744186	1.0	0.947368421053	0	
../../code_corpus/aws-sdk-java/comments/AWSStorageGatewayClient.java_5	../../code_corpus/StanfordCoreNLP/comments/IndexedWord.java_7	0.964912280702	7.16666666667	0.981132075472	1.0	0	
../../code_corpus/aws-sdk-java/comments/AWSStorageGatewayClient.java_5	../../code_corpus/StanfordCoreNLP/comments/AbstractSequenceClassifier.java_30	0.985507246377	3.22413793103	0.980392156863	0.9	0	
../../code_corpus/aws-sdk-java/comments/AWSStorageGatewayClient.java_5	../../code_corpus/StanfordCoreNLP/comments/FileBackedCache.java_18	1.0	10.1363636364	1.0	1.0	0	
../../code_corpus/aws-sdk-java/comments/AWSStorageGatewayClient.java_5	../../code_corpus/StanfordCoreNLP/comments/ConstantsAndVariables.java_49	1.0	21.2727272727	1.0	1.0	0	
../../code_corpus/aws-sdk-java/comments/AWSStorageGatewayClient.java_5	../../code_corpus/StanfordCoreNLP/comments/StanfordRedwoodConfiguration.java_4	0.982142857143	12.6111111111	0.978260869565	1.0	0	
../../code_corpus/aws-sdk-java/comments/AWSStorageGatewayClient.java_5	../../code_corpus/StanfordCoreNLP/comments/CollectionUtils.java_23	1.0	1.47474747475	0.979591836735	0.875	0	
../../code_corpus/aws-sdk-java/comments/AWSStorageGatewayClient.java_5	../../code_corpus/StanfordCoreNLP/comments/DataWordTag.java_2	1.0	26.2222222222	1.0	0.933333333333	0	
../../code_corpus/aws-sdk-java/comments/AWSStorageGatewayClient.java_5	../../code_corpus/StanfordCoreNLP/comments/IntCounter.java_14	0.973684210526	1.24770642202	0.943396226415	0.892857142857	0	
../../code_corpus/aws-sdk-java/comments/AWSStorageGatewayClient.java_5	../../code_corpus/StanfordCoreNLP/comments/ChunkAnnotationUtils.java_8	0.983333333333	4.44444444444	0.980769230769	0.866666666667	0	
../../code_corpus/aws-sdk-java/comments/AWSStorageGatewayClient.java_5	../../code_corpus/StanfordCoreNLP/comments/NumberRangesFileFilter.java_2	1.0	1.11206896552	0.981818181818	0.904761904762	0	
../../code_corpus/aws-sdk-java/comments/AWSStorageGatewayClient.java_5	../../code_corpus/StanfordCoreNLP/comments/EnglishGrammaticalRelations.java_52	1.0	6.0	0.938775510204	0.9375	0	
../../code_corpus/aws-sdk-java/comments/AWSStorageGatewayClient.java_5	../../code_corpus/StanfordCoreNLP/comments/SemanticGraphFormatter.java_3	0.983870967742	6.20588235294	1.0	0.941176470588	0	
../../code_corpus/aws-sdk-java/comments/AWSStorageGatewayClient.java_5	../../code_corpus/StanfordCoreNLP/comments/ArrayUtils.java_11	1.0	13.4117647059	0.977777777778	0.941176470588	0	
../../code_corpus/aws-sdk-java/comments/AWSStorageGatewayClient.java_5	../../code_corpus/StanfordCoreNLP/comments/NaiveBayesClassifierFactory.java_6	1.0	48.0	1.0	1.0	0	
../../code_corpus/aws-sdk-java/comments/AWSStorageGatewayClient.java_5	../../code_corpus/StanfordCoreNLP/comments/ArrayUtils.java_5	1.0	7.44827586207	0.981481481481	0.944444444444	0	
../../code_corpus/aws-sdk-java/comments/AWSStorageGatewayClient.java_5	../../code_corpus/StanfordCoreNLP/comments/FloatFactorTable.java_1	1.0	11.8947368421	1.0	0.933333333333	0	
../../code_corpus/aws-sdk-java/comments/AWSStorageGatewayClient.java_5	../../code_corpus/StanfordCoreNLP/comments/SemanticGraphUtils.java_36	1.0	5.62162162162	0.978260869565	0.947368421053	0	
../../code_corpus/aws-sdk-java/comments/AWSStorageGatewayClient.java_5	../../code_corpus/StanfordCoreNLP/comments/Extractors.java_7	0.983606557377	6.0	1.0	0.941176470588	0	
../../code_corpus/aws-sdk-java/comments/AWSStorageGatewayClient.java_5	../../code_corpus/StanfordCoreNLP/comments/ArabicLexer.java_26	0.969230769231	1.98780487805	0.94	0.894736842105	0	
../../code_corpus/aws-sdk-java/comments/AWSStorageGatewayClient.java_5	../../code_corpus/StanfordCoreNLP/comments/ProtobufAnnotationSerializer.java_19	1.0	4.83333333333	0.980769230769	1.0	0	
../../code_corpus/aws-sdk-java/comments/AWSStorageGatewayClient.java_5	../../code_corpus/StanfordCoreNLP/comments/AbstractTreebankParserParams.java_33	0.985074626866	3.53703703704	1.0	0.823529411765	0	
../../code_corpus/aws-sdk-java/comments/AWSStorageGatewayClient.java_5	../../code_corpus/StanfordCoreNLP/comments/SequencePattern.java_25	1.0	2.5	1.0	0.947368421053	0	
../../code_corpus/aws-sdk-java/comments/AWSStorageGatewayClient.java_5	../../code_corpus/StanfordCoreNLP/comments/IOUtils.java_1	0.983606557377	13.4117647059	1.0	0.941176470588	0	
../../code_corpus/aws-sdk-java/comments/AWSStorageGatewayClient.java_5	../../code_corpus/StanfordCoreNLP/comments/FileSequentialCollection.java_15	1.0	2.828125	0.979591836735	0.833333333333	0	
../../code_corpus/aws-sdk-java/comments/AWSStorageGatewayClient.java_5	../../code_corpus/StanfordCoreNLP/comments/ChineseGrammaticalRelations.java_65	1.0	0.759183673469	0.966666666667	0.954545454545	0	
../../code_corpus/aws-sdk-java/comments/AWSStorageGatewayClient.java_5	../../code_corpus/StanfordCoreNLP/comments/TreeAnnotator.java_4	1.0	1.42574257426	0.948275862069	0.913043478261	0	
../../code_corpus/aws-sdk-java/comments/AWSStorageGatewayClient.java_5	../../code_corpus/StanfordCoreNLP/comments/Constituent.java_15	1.0	4.0	0.978723404255	0.95	0	
../../code_corpus/aws-sdk-java/comments/AWSStorageGatewayClient.java_5	../../code_corpus/StanfordCoreNLP/comments/IBMArabicEscaper.java_6	1.0	3.15254237288	0.980769230769	0.947368421053	0	
../../code_corpus/aws-sdk-java/comments/AWSStorageGatewayClient.java_5	../../code_corpus/StanfordCoreNLP/comments/DefaultTeXHyphenData.java_1	1.0	5.80555555556	1.0	0.952380952381	0	
../../code_corpus/aws-sdk-java/comments/AWSStorageGatewayClient.java_5	../../code_corpus/StanfordCoreNLP/comments/SingletonPredictor.java_4	0.983333333333	6.65625	0.98	0.875	0	
../../code_corpus/aws-sdk-java/comments/AWSStorageGatewayClient.java_5	../../code_corpus/StanfordCoreNLP/comments/Iterables.java_22	0.977011494253	1.1875	0.953125	0.92	0	
../../code_corpus/aws-sdk-java/comments/AWSStorageGatewayClient.java_5	../../code_corpus/StanfordCoreNLP/comments/DistSimClassifier.java_1	1.0	14.3125	1.0	0.9375	0	
../../code_corpus/aws-sdk-java/comments/AWSStorageGatewayClient.java_5	../../code_corpus/StanfordCoreNLP/comments/CountClosedTags.java_2	1.0	16.5	1.0	1.0	0	
../../code_corpus/aws-sdk-java/comments/AWSStorageGatewayClient.java_5	../../code_corpus/StanfordCoreNLP/comments/UnaryRule.java_1	1.0	10.6666666667	1.0	0.882352941176	0	
../../code_corpus/aws-sdk-java/comments/AWSStorageGatewayClient.java_5	../../code_corpus/StanfordCoreNLP/comments/Execution.java_2	1.0	9.65217391304	1.0	1.0	0	
../../code_corpus/aws-sdk-java/comments/AWSStorageGatewayClient.java_5	../../code_corpus/StanfordCoreNLP/comments/Graph.java_7	1.0	10.1363636364	0.977777777778	0.941176470588	0	
../../code_corpus/aws-sdk-java/comments/AWSStorageGatewayClient.java_5	../../code_corpus/StanfordCoreNLP/comments/ParserPanel.java_21	1.0	6.20588235294	1.0	1.0	0	
../../code_corpus/aws-sdk-java/comments/AWSStorageGatewayClient.java_5	../../code_corpus/StanfordCoreNLP/comments/TaggerExperiments.java_1	1.0	5.62162162162	1.0	0.875	0	
../../code_corpus/aws-sdk-java/comments/AWSStorageGatewayClient.java_5	../../code_corpus/StanfordCoreNLP/comments/IOBUtils.java_9	1.0	17.8461538462	1.0	1.0	0	
../../code_corpus/aws-sdk-java/comments/AWSStorageGatewayClient.java_5	../../code_corpus/StanfordCoreNLP/comments/AnnotationUtils.java_3	1.0	10.1363636364	0.977777777778	1.0	0	
../../code_corpus/aws-sdk-java/comments/AWSStorageGatewayClient.java_5	../../code_corpus/StanfordCoreNLP/comments/ParserPanel.java_26	1.0	13.4117647059	1.0	1.0	0	
../../code_corpus/aws-sdk-java/comments/AWSStorageGatewayClient.java_5	../../code_corpus/StanfordCoreNLP/comments/RelationMentionFactory.java_1	0.969230769231	2.76923076923	0.962962962963	0.823529411765	0	
../../code_corpus/aws-sdk-java/comments/AWSStorageGatewayClient.java_5	../../code_corpus/StanfordCoreNLP/comments/UnnamedConcreteDependency.java_2	0.96875	5.62162162162	0.98	0.947368421053	0	
../../code_corpus/aws-sdk-java/comments/AWSStorageGatewayClient.java_5	../../code_corpus/StanfordCoreNLP/comments/TreebankLanguagePack.java_27	1.0	1.63440860215	0.947368421053	0.857142857143	0	
../../code_corpus/aws-sdk-java/comments/AWSStorageGatewayClient.java_5	../../code_corpus/aws-sdk-java/comments/AmazonSimpleWorkflowClient.java_5	0.0754716981132	0.0	0.046511627907	0.125	1	
../../code_corpus/aws-sdk-java/comments/AmazonSimpleWorkflowClient.java_5	../../code_corpus/HtmlCleaner/comments/Utils.java_4	1.0	6.42424242424	0.977272727273	0.944444444444	0	
../../code_corpus/aws-sdk-java/comments/AmazonSimpleWorkflowClient.java_5	../../code_corpus/aws-sdk-java/comments/AWSElasticBeanstalkClient.java_5	0.0754716981132	0.0	0.046511627907	0.125	1	
../../code_corpus/aws-sdk-java/comments/AWSElasticBeanstalkClient.java_5	../../code_corpus/google-http-client/comments/Types.java_12	0.985714285714	1.69230769231	0.929824561404	0.8	0	
../../code_corpus/aws-sdk-java/comments/AWSElasticBeanstalkClient.java_5	../../code_corpus/google-http-client/comments/HttpRequest.java_9	0.983050847458	7.44827586207	0.978723404255	1.0	0	
../../code_corpus/aws-sdk-java/comments/AWSElasticBeanstalkClient.java_5	../../code_corpus/google-http-client/comments/ExponentialBackOffPolicy.java_23	0.957746478873	1.88235294118	0.947368421053	0.904761904762	0	
../../code_corpus/aws-sdk-java/comments/AWSElasticBeanstalkClient.java_5	../../code_corpus/google-http-client/comments/JsonParser.java_2	0.975	2.26666666667	0.951612903226	0.818181818182	0	
../../code_corpus/aws-sdk-java/comments/AWSElasticBeanstalkClient.java_5	../../code_corpus/google-http-client/comments/MockHttpTransport.java_9	0.983050847458	4.44444444444	0.957446808511	0.888888888889	0	
../../code_corpus/aws-sdk-java/comments/AWSElasticBeanstalkClient.java_5	../../code_corpus/google-http-client/comments/HttpResponseException.java_6	1.0	8.07407407407	1.0	0.933333333333	0	
../../code_corpus/aws-sdk-java/comments/AWSElasticBeanstalkClient.java_5	../../code_corpus/google-http-client/comments/MockLowLevelHttpRequest.java_7	1.0	4.56818181818	0.98	0.875	0	
../../code_corpus/aws-sdk-java/comments/AWSElasticBeanstalkClient.java_5	../../code_corpus/google-http-client/comments/GenericJson.java_2	0.977528089888	1.55208333333	0.955882352941	0.782608695652	0	
../../code_corpus/aws-sdk-java/comments/AWSElasticBeanstalkClient.java_5	../../code_corpus/google-http-client/comments/LoggingStreamingContent.java_2	0.970149253731	5.62162162162	0.961538461538	0.833333333333	0	
../../code_corpus/aws-sdk-java/comments/AWSElasticBeanstalkClient.java_5	../../code_corpus/google-http-client/comments/JsonParser.java_4	1.0	7.44827586207	1.0	1.0	0	
../../code_corpus/aws-sdk-java/comments/AWSElasticBeanstalkClient.java_5	../../code_corpus/google-http-client/comments/HttpStatusCodes.java_5	1.0	8.07407407407	1.0	1.0	0	
../../code_corpus/aws-sdk-java/comments/AWSElasticBeanstalkClient.java_5	../../code_corpus/google-http-client/comments/HttpResponse.java_17	1.0	10.6666666667	1.0	0.933333333333	0	
../../code_corpus/aws-sdk-java/comments/AWSElasticBeanstalkClient.java_5	../../code_corpus/aws-sdk-java/comments/AmazonAutoScalingAsyncClient.java_5	0.0925925925926	0.00408163265306	0.046511627907	0.1875	1	
../../code_corpus/aws-sdk-java/comments/AmazonAutoScalingAsyncClient.java_5	../../code_corpus/OpenNLP/comments/BaseLink.java_3	1.0	19.5	1.0	1.0	0	
../../code_corpus/aws-sdk-java/comments/AmazonAutoScalingAsyncClient.java_5	../../code_corpus/OpenNLP/comments/StringList.java_4	1.0	2.96774193548	0.981818181818	0.9	0	
../../code_corpus/aws-sdk-java/comments/AmazonAutoScalingAsyncClient.java_5	../../code_corpus/OpenNLP/comments/HeadRules.java_2	1.0	17.9230769231	1.0	1.0	0	
../../code_corpus/aws-sdk-java/comments/AmazonAutoScalingAsyncClient.java_5	../../code_corpus/OpenNLP/comments/DetailedFMeasureListener.java_5	1.0	3.82352941176	1.0	0.941176470588	0	
../../code_corpus/aws-sdk-java/comments/AmazonAutoScalingAsyncClient.java_5	../../code_corpus/OpenNLP/comments/TrainingParameters.java_1	1.0	0.84962406015	1.0	0.913043478261	0	
../../code_corpus/aws-sdk-java/comments/AmazonAutoScalingAsyncClient.java_5	../../code_corpus/OpenNLP/comments/EntityLinkerProperties.java_1	1.0	1.36538461538	1.0	0.913043478261	0	
../../code_corpus/aws-sdk-java/comments/AmazonAutoScalingAsyncClient.java_5	../../code_corpus/OpenNLP/comments/POSTaggerME.java_5	0.983870967742	6.23529411765	1.0	0.888888888889	0	
../../code_corpus/aws-sdk-java/comments/AmazonAutoScalingAsyncClient.java_5	../../code_corpus/OpenNLP/comments/Detokenizer.java_6	1.0	4.59090909091	1.0	0.933333333333	0	
../../code_corpus/aws-sdk-java/comments/AmazonAutoScalingAsyncClient.java_5	../../code_corpus/OpenNLP/comments/GIS.java_2	0.965517241379	13.4705882353	1.0	1.0	0	
../../code_corpus/aws-sdk-java/comments/AmazonAutoScalingAsyncClient.java_5	../../code_corpus/OpenNLP/comments/GISTrainer.java_19	1.0	16.5714285714	1.0	1.0	0	
../../code_corpus/aws-sdk-java/comments/AmazonAutoScalingAsyncClient.java_5	../../code_corpus/OpenNLP/comments/ADPOSSampleStream.java_2	1.0	19.5	0.978260869565	0.866666666667	0	
../../code_corpus/aws-sdk-java/comments/AmazonAutoScalingAsyncClient.java_5	../../code_corpus/OpenNLP/comments/DefaultNameContextGenerator.java_1	1.0	0.84962406015	1.0	0.913043478261	0	
../../code_corpus/aws-sdk-java/comments/AmazonAutoScalingAsyncClient.java_5	../../code_corpus/OpenNLP/comments/ObjectStream.java_1	1.0	0.84962406015	1.0	0.913043478261	0	
../../code_corpus/aws-sdk-java/comments/AmazonAutoScalingAsyncClient.java_5	../../code_corpus/OpenNLP/comments/Heap.java_8	1.0	9.69565217391	1.0	1.0	0	
../../code_corpus/aws-sdk-java/comments/AmazonAutoScalingAsyncClient.java_5	../../code_corpus/OpenNLP/comments/SimplePerceptronSequenceTrainer.java_3	1.0	26.3333333333	1.0	1.0	0	
../../code_corpus/aws-sdk-java/comments/AmazonAutoScalingAsyncClient.java_5	../../code_corpus/OpenNLP/comments/TokenizerModelLoader.java_1	1.0	0.84962406015	1.0	0.913043478261	0	
../../code_corpus/aws-sdk-java/comments/AmazonAutoScalingAsyncClient.java_5	../../code_corpus/OpenNLP/comments/Dictionary.java_2	1.0	29.75	1.0	1.0	0	
../../code_corpus/aws-sdk-java/comments/AmazonAutoScalingAsyncClient.java_5	../../code_corpus/aws-sdk-java/comments/AWSStorageGatewayAsyncClient.java_5	0.0740740740741	0.0	0.046511627907	0.1875	1	
../../code_corpus/aws-sdk-java/comments/AWSStorageGatewayAsyncClient.java_5	../../code_corpus/httpclient/comments/ConnectionPoolTimeoutException.java_3	1.0	9.25	1.0	1.0	0	
../../code_corpus/aws-sdk-java/comments/AWSStorageGatewayAsyncClient.java_5	../../code_corpus/httpclient/comments/UsernamePasswordCredentials.java_3	0.983606557377	4.125	0.978723404255	0.894736842105	0	
../../code_corpus/aws-sdk-java/comments/AWSStorageGatewayAsyncClient.java_5	../../code_corpus/httpclient/comments/RequestConfig.java_18	1.0	4.125	0.954545454545	0.842105263158	0	
../../code_corpus/aws-sdk-java/comments/AWSStorageGatewayAsyncClient.java_5	../../code_corpus/httpclient/comments/Scheme.java_6	1.0	5.64864864865	1.0	0.9375	0	
../../code_corpus/aws-sdk-java/comments/AWSStorageGatewayAsyncClient.java_5	../../code_corpus/httpclient/comments/AuthState.java_8	0.967741935484	2.61764705882	0.960784313725	0.875	0	
../../code_corpus/aws-sdk-java/comments/AWSStorageGatewayAsyncClient.java_5	../../code_corpus/httpclient/comments/InvalidCredentialsException.java_3	1.0	8.84	1.0	1.0	0	
../../code_corpus/aws-sdk-java/comments/AWSStorageGatewayAsyncClient.java_5	../../code_corpus/httpclient/comments/AbstractVerifier.java_1	0.987951807229	0.405714285714	0.986666666667	0.862068965517	0	
../../code_corpus/aws-sdk-java/comments/AWSStorageGatewayAsyncClient.java_5	../../code_corpus/httpclient/comments/BasicRouteDirector.java_5	1.0	1.34285714286	0.980769230769	0.952380952381	0	
../../code_corpus/aws-sdk-java/comments/AWSStorageGatewayAsyncClient.java_5	../../code_corpus/httpclient/comments/BasicClientCookie.java_18	0.954545454545	1.19642857143	0.962962962963	0.8	0	
../../code_corpus/aws-sdk-java/comments/AWSStorageGatewayAsyncClient.java_5	../../code_corpus/httpclient/comments/AuthSchemes.java_5	1.0	4.34782608696	1.0	0.947368421053	0	
../../code_corpus/aws-sdk-java/comments/AWSStorageGatewayAsyncClient.java_5	../../code_corpus/httpclient/comments/BasicCredentialsProvider.java_1	0.987951807229	0.405714285714	0.986666666667	0.862068965517	0	
../../code_corpus/aws-sdk-java/comments/AWSStorageGatewayAsyncClient.java_5	../../code_corpus/httpclient/comments/HttpHead.java_1	0.987951807229	0.405714285714	0.986666666667	0.862068965517	0	
../../code_corpus/aws-sdk-java/comments/AWSStorageGatewayAsyncClient.java_5	../../code_corpus/httpclient/comments/ClientConnectionManager.java_1	0.987951807229	0.405714285714	0.986666666667	0.862068965517	0	
../../code_corpus/aws-sdk-java/comments/AWSStorageGatewayAsyncClient.java_5	../../code_corpus/httpclient/comments/BrowserCompatHostnameVerifier.java_1	0.987951807229	0.405714285714	0.986666666667	0.862068965517	0	
../../code_corpus/aws-sdk-java/comments/AWSStorageGatewayAsyncClient.java_5	../../code_corpus/httpclient/comments/URIUtils.java_2	1.0	8.46153846154	1.0	0.941176470588	0	
../../code_corpus/aws-sdk-java/comments/AWSStorageGatewayAsyncClient.java_5	../../code_corpus/httpclient/comments/RouteInfo.java_5	1.0	6.45454545455	1.0	0.9375	0	
../../code_corpus/aws-sdk-java/comments/AWSStorageGatewayAsyncClient.java_5	../../code_corpus/httpclient/comments/CookieSpec.java_8	1.0	3.73076923077	0.982456140351	0.947368421053	0	
../../code_corpus/aws-sdk-java/comments/AWSStorageGatewayAsyncClient.java_5	../../code_corpus/httpclient/comments/HttpClientBuilder.java_28	1.0	4.125	0.960784313725	0.944444444444	0	
../../code_corpus/aws-sdk-java/comments/AWSStorageGatewayAsyncClient.java_5	../../code_corpus/aws-sdk-java/comments/AmazonSimpleWorkflowAsyncClient.java_5	0.0740740740741	0.0	0.046511627907	0.125	1	
