../../code_corpus/jsoup/comments/Node.java_14	../../code_corpus/jgrapht/comments/Multigraph.java_1	1.0	18.0	0.5	0.5	0	
../../code_corpus/jsoup/comments/Node.java_14	../../code_corpus/jgrapht/comments/ChromaticNumber.java_5	1.0	0.461538461538	0.5	0.5	0	
../../code_corpus/jsoup/comments/Node.java_14	../../code_corpus/jgrapht/comments/Graph.java_23	1.0	0.0	0.5	0.5	0	
../../code_corpus/jsoup/comments/Node.java_14	../../code_corpus/jgrapht/comments/GraphDelegator.java_20	1.0	1.375	0.5	0.5	0	
../../code_corpus/jsoup/comments/Node.java_14	../../code_corpus/jgrapht/comments/GraphVertexChangeEvent.java_8	1.0	0.357142857143	0.5	0.5	0	
../../code_corpus/jsoup/comments/Node.java_14	../../code_corpus/jgrapht/comments/TraversalListener.java_3	1.0	0.583333333333	0.5	0.5	0	
../../code_corpus/jsoup/comments/Node.java_14	../../code_corpus/jgrapht/comments/Subgraph.java_13	1.0	1.375	0.5	0.5	0	
../../code_corpus/jsoup/comments/Node.java_14	../../code_corpus/jgrapht/comments/RandomGraphHelper.java_4	1.0	1.71428571429	0.5	0.5	0	
../../code_corpus/jsoup/comments/Node.java_14	../../code_corpus/jgrapht/comments/GraphEdgeChangeEvent.java_3	1.0	0.1875	0.5	0.5	0	
../../code_corpus/jsoup/comments/Node.java_14	../../code_corpus/jgrapht/comments/AbstractGraphIterator.java_6	1.0	1.375	0.5	0.5	0	
../../code_corpus/jsoup/comments/Node.java_14	../../code_corpus/jgrapht/comments/VertexFactory.java_1	1.0	18.0	0.5	0.5	0	
../../code_corpus/jsoup/comments/Node.java_14	../../code_corpus/jgrapht/comments/AbstractGraph.java_4	0.933333333333	0.583333333333	0.5	0.5	0	
../../code_corpus/jsoup/comments/Node.java_14	../../code_corpus/jgrapht/comments/RandomGraphGenerator.java_5	1.0	0.357142857143	0.5	0.5	0	
../../code_corpus/jsoup/comments/Node.java_14	../../code_corpus/jgrapht/comments/GraphOrdering.java_4	1.0	0.266666666667	0.5	0.5	0	
../../code_corpus/jsoup/comments/Node.java_14	../../code_corpus/HtmlCleaner/comments/TagNode.java_18	0.944444444444	0.117647058824	0.5	0.5	1	
../../code_corpus/jsoup/comments/Element.java_16	../../code_corpus/jung_api/comments/Tree.java_3	0.923076923077	0.846153846154	0.5	0.5	0	
../../code_corpus/jsoup/comments/Element.java_16	../../code_corpus/HtmlCleaner/comments/TagNode.java_14	0.75	0.5	0.5	0.5	1	
../../code_corpus/google-http-client/comments/HttpRequest.java_60	../../code_corpus/HtmlCleaner/comments/HtmlTokenizer.java_7	0.888888888889	0.0	0.5	0.5	0	
../../code_corpus/google-http-client/comments/HttpRequest.java_60	../../code_corpus/HtmlCleaner/comments/Utils.java_14	0.857142857143	0.625	0.5	0.5	0	
../../code_corpus/google-http-client/comments/HttpRequest.java_60	../../code_corpus/HtmlCleaner/comments/SpecialEntity.java_3	0.833333333333	3.33333333333	0.5	0.5	0	
../../code_corpus/google-http-client/comments/HttpRequest.java_60	../../code_corpus/httpclient/comments/HttpClient.java_5	0.2	0.0	0.5	0.5	1	
../../code_corpus/google-http-client/comments/HttpRequest.java_60	../../code_corpus/jgrapht/comments/CrossComponentIterator.java_24	0.888888888889	0.307692307692	0.5	0.5	0	
../../code_corpus/google-http-client/comments/HttpRequest.java_60	../../code_corpus/jgrapht/comments/AdaptiveIsomorphismInspectorFactory.java_5	0.909090909091	0.384615384615	0.5	0.5	0	
../../code_corpus/google-http-client/comments/HttpRequest.java_60	../../code_corpus/jgrapht/comments/ListenableGraph.java_2	1.0	12.0	0.5	0.5	0	
../../code_corpus/google-http-client/comments/HttpRequest.java_60	../../code_corpus/jgrapht/comments/Subgraph.java_10	0.888888888889	0.3	0.5	0.5	0	
../../code_corpus/google-http-client/comments/HttpRequest.java_60	../../code_corpus/jgrapht/comments/Graph.java_18	0.916666666667	0.384615384615	0.5	0.5	0	
../../code_corpus/google-http-client/comments/HttpRequest.java_60	../../code_corpus/jgrapht/comments/PrefetchIterator.java_5	0.916666666667	0.538461538462	0.5	0.5	0	
../../code_corpus/google-http-client/comments/HttpRequest.java_60	../../code_corpus/jgrapht/comments/CrossComponentIterator.java_13	0.857142857143	0.625	0.5	0.5	0	
../../code_corpus/google-http-client/comments/HttpRequest.java_60	../../code_corpus/jgrapht/comments/PartiteRandomGraphGenerator.java_4	0.9	0.0769230769231	0.5	0.5	0	
../../code_corpus/google-http-client/comments/HttpRequest.java_60	../../code_corpus/jgrapht/comments/Graph.java_19	0.888888888889	0.307692307692	0.5	0.5	0	
../../code_corpus/google-http-client/comments/HttpRequest.java_60	../../code_corpus/jgrapht/comments/DirectedAcyclicGraph.java_29	0.875	0.3	0.5	0.5	0	
../../code_corpus/google-http-client/comments/HttpRequest.java_60	../../code_corpus/jgrapht/comments/LinearGraphGenerator.java_4	0.888888888889	0.0833333333333	0.5	0.5	0	
../../code_corpus/google-http-client/comments/HttpRequest.java_60	../../code_corpus/jgrapht/comments/UniformRandomGraphGenerator.java_1	1.0	12.0	0.5	0.5	0	
../../code_corpus/google-http-client/comments/HttpRequest.java_60	../../code_corpus/jgrapht/comments/KShortestPathsIterator.java_4	0.857142857143	0.625	0.5	0.5	0	
../../code_corpus/google-http-client/comments/HttpRequest.java_60	../../code_corpus/jgrapht/comments/UnmodifiableGraph.java_9	0.875	0.444444444444	0.5	0.5	0	
../../code_corpus/google-http-client/comments/HttpRequest.java_60	../../code_corpus/httpclient/comments/HttpClient.java_6	0.2	0.0	0.5	0.5	1	
../../code_corpus/google-http-client/comments/HttpRequest.java_60	../../code_corpus/jung_api/comments/Graphs.java_94	0.875	1.6	0.5	0.5	0	
../../code_corpus/google-http-client/comments/HttpRequest.java_60	../../code_corpus/jung_api/comments/Graphs.java_19	0.857142857143	2.25	0.5	0.5	0	
../../code_corpus/google-http-client/comments/HttpRequest.java_60	../../code_corpus/jung_api/comments/Hypergraph.java_33	0.8	0.461538461538	0.5	0.5	0	
../../code_corpus/google-http-client/comments/HttpRequest.java_60	../../code_corpus/httpclient/comments/HttpClient.java_7	0.2	0.0	0.5	0.5	1	
../../code_corpus/google-http-client/comments/HttpRequest.java_60	../../code_corpus/StanfordCoreNLP/comments/SplittingGrammarExtractor.java_15	0.9	0.153846153846	0.5	0.5	0	
../../code_corpus/google-http-client/comments/HttpRequest.java_60	../../code_corpus/StanfordCoreNLP/comments/CoreAnnotations.java_4	0.923076923077	0.307692307692	0.5	0.5	0	
../../code_corpus/google-http-client/comments/HttpRequest.java_60	../../code_corpus/StanfordCoreNLP/comments/CoreLabel.java_26	0.833333333333	1.6	0.5	0.5	0	
../../code_corpus/google-http-client/comments/HttpRequest.java_60	../../code_corpus/StanfordCoreNLP/comments/NegraLexer.java_15	0.9	0.3	0.5	0.5	0	
../../code_corpus/google-http-client/comments/HttpRequest.java_60	../../code_corpus/StanfordCoreNLP/comments/ISODateInstance.java_26	0.909090909091	0.153846153846	0.5	0.5	0	
../../code_corpus/google-http-client/comments/HttpRequest.java_60	../../code_corpus/StanfordCoreNLP/comments/ConvertTreesToTags.java_1	0.923076923077	0.0	0.5	0.5	0	
../../code_corpus/google-http-client/comments/HttpRequest.java_60	../../code_corpus/StanfordCoreNLP/comments/Evaluator.java_1	0.875	1.6	0.5	0.5	0	
../../code_corpus/google-http-client/comments/HttpRequest.java_60	../../code_corpus/StanfordCoreNLP/comments/TreebankLangParserParams.java_7	0.928571428571	0.307692307692	0.5	0.5	0	
../../code_corpus/google-http-client/comments/HttpRequest.java_60	../../code_corpus/StanfordCoreNLP/comments/ClassifierExample.java_1	0.916666666667	0.0769230769231	0.5	0.5	0	
../../code_corpus/google-http-client/comments/HttpRequest.java_60	../../code_corpus/StanfordCoreNLP/comments/CoreAnnotations.java_5	0.933333333333	0.230769230769	0.5	0.5	0	
../../code_corpus/google-http-client/comments/HttpRequest.java_60	../../code_corpus/StanfordCoreNLP/comments/Stemmer.java_12	0.714285714286	0.3	0.5	0.5	0	
../../code_corpus/google-http-client/comments/HttpRequest.java_60	../../code_corpus/StanfordCoreNLP/comments/Stemmer.java_4	1.0	12.0	0.5	0.5	0	
../../code_corpus/google-http-client/comments/HttpRequest.java_60	../../code_corpus/StanfordCoreNLP/comments/Graph.java_10	0.9	0.538461538462	0.5	0.5	0	
../../code_corpus/google-http-client/comments/HttpRequest.java_60	../../code_corpus/StanfordCoreNLP/comments/MaxentTagger.java_8	0.909090909091	0.153846153846	0.5	0.5	0	
../../code_corpus/google-http-client/comments/HttpRequest.java_60	../../code_corpus/StanfordCoreNLP/comments/CreatePatterns.java_3	0.909090909091	0.0	0.5	0.5	0	
../../code_corpus/google-http-client/comments/HttpRequest.java_60	../../code_corpus/StanfordCoreNLP/comments/GrammarCompactionTester.java_6	1.0	12.0	0.5	0.5	0	
../../code_corpus/google-http-client/comments/HttpRequest.java_60	../../code_corpus/StanfordCoreNLP/comments/LinearClassifierFactory.java_23	0.9	0.0833333333333	0.5	0.5	0	
../../code_corpus/google-http-client/comments/HttpRequest.java_60	../../code_corpus/StanfordCoreNLP/comments/ParserGrammar.java_5	0.75	0.307692307692	0.5	0.5	0	
../../code_corpus/google-http-client/comments/HttpRequest.java_60	../../code_corpus/StanfordCoreNLP/comments/TokenMgrError.java_7	0.9	0.153846153846	0.5	0.5	0	
../../code_corpus/google-http-client/comments/HttpRequest.java_60	../../code_corpus/StanfordCoreNLP/comments/ParentAnnotationStats.java_6	1.0	12.0	0.5	0.5	0	
../../code_corpus/google-http-client/comments/HttpRequest.java_60	../../code_corpus/StanfordCoreNLP/comments/FactorTable.java_7	0.909090909091	0.384615384615	0.5	0.5	0	
../../code_corpus/google-http-client/comments/HttpRequest.java_60	../../code_corpus/StanfordCoreNLP/comments/BasicDocument.java_24	0.857142857143	1.16666666667	0.5	0.5	0	
../../code_corpus/google-http-client/comments/HttpRequest.java_60	../../code_corpus/StanfordCoreNLP/comments/RuntimeIOException.java_2	0.875	0.625	0.5	0.5	0	
../../code_corpus/google-http-client/comments/HttpRequest.java_60	../../code_corpus/StanfordCoreNLP/comments/TreebankLanguagePack.java_41	0.909090909091	0.0833333333333	0.5	0.5	0	
../../code_corpus/google-http-client/comments/HttpRequest.java_60	../../code_corpus/StanfordCoreNLP/comments/TTags.java_3	0.9	0.461538461538	0.5	0.5	0	
../../code_corpus/google-http-client/comments/HttpRequest.java_60	../../code_corpus/StanfordCoreNLP/comments/QuasiDeterminizer.java_2	0.9	0.181818181818	0.5	0.5	0	
../../code_corpus/google-http-client/comments/HttpRequest.java_60	../../code_corpus/StanfordCoreNLP/comments/FilePathProcessor.java_4	0.9	0.153846153846	0.5	0.5	0	
../../code_corpus/google-http-client/comments/HttpRequest.java_60	../../code_corpus/StanfordCoreNLP/comments/TreeBinarizer.java_7	0.9	0.0	0.5	0.5	0	
../../code_corpus/google-http-client/comments/HttpRequest.java_60	../../code_corpus/StanfordCoreNLP/comments/FileBackedCache.java_20	0.777777777778	0.230769230769	0.5	0.5	0	
../../code_corpus/google-http-client/comments/HttpRequest.java_60	../../code_corpus/StanfordCoreNLP/comments/NegraLexer.java_23	0.75	0.0833333333333	0.5	0.5	0	
../../code_corpus/google-http-client/comments/HttpRequest.java_60	../../code_corpus/StanfordCoreNLP/comments/ExtractorFramesRare.java_24	1.0	12.0	0.5	0.5	0	
../../code_corpus/google-http-client/comments/HttpRequest.java_60	../../code_corpus/StanfordCoreNLP/comments/EnglishTreebankParserParams.java_54	0.923076923077	0.230769230769	0.5	0.5	0	
../../code_corpus/google-http-client/comments/HttpRequest.java_60	../../code_corpus/StanfordCoreNLP/comments/Relation.java_8	0.916666666667	0.153846153846	0.5	0.5	0	
../../code_corpus/google-http-client/comments/HttpRequest.java_60	../../code_corpus/StanfordCoreNLP/comments/RuleBasedCorefMentionFinder.java_12	1.0	12.0	0.5	0.5	0	
../../code_corpus/google-http-client/comments/HttpRequest.java_60	../../code_corpus/StanfordCoreNLP/comments/StringUtils.java_68	0.923076923077	0.153846153846	0.5	0.5	0	
../../code_corpus/google-http-client/comments/HttpRequest.java_60	../../code_corpus/StanfordCoreNLP/comments/IndexedWord.java_7	0.909090909091	0.0	0.5	0.5	0	
../../code_corpus/google-http-client/comments/HttpRequest.java_60	../../code_corpus/StanfordCoreNLP/comments/CustomAnnotationSerializer.java_5	0.8	2.25	0.5	0.5	0	
../../code_corpus/google-http-client/comments/HttpRequest.java_60	../../code_corpus/StanfordCoreNLP/comments/GrammaticalRelation.java_18	0.666666666667	0.3	0.5	0.5	0	
../../code_corpus/google-http-client/comments/HttpRequest.java_60	../../code_corpus/StanfordCoreNLP/comments/CleanXmlAnnotator.java_4	0.9375	0.538461538462	0.5	0.5	0	
../../code_corpus/google-http-client/comments/HttpRequest.java_60	../../code_corpus/StanfordCoreNLP/comments/ExhaustiveDependencyParser.java_7	0.909090909091	0.153846153846	0.5	0.5	0	
../../code_corpus/google-http-client/comments/HttpRequest.java_60	../../code_corpus/StanfordCoreNLP/comments/SingletonPredictor.java_2	0.9	0.0769230769231	0.5	0.5	0	
../../code_corpus/google-http-client/comments/HttpRequest.java_60	../../code_corpus/StanfordCoreNLP/comments/PropertiesUtils.java_8	0.888888888889	0.0	0.5	0.5	0	
../../code_corpus/google-http-client/comments/HttpRequest.java_60	../../code_corpus/StanfordCoreNLP/comments/ThreeDimensionalMap.java_1	0.857142857143	2.25	0.5	0.5	0	
../../code_corpus/google-http-client/comments/HttpRequest.java_60	../../code_corpus/StanfordCoreNLP/comments/CRFBiasedClassifier.java_1	0.9	0.3	0.5	0.5	0	
../../code_corpus/google-http-client/comments/HttpRequest.java_60	../../code_corpus/StanfordCoreNLP/comments/LabeledChunkIdentifier.java_4	0.916666666667	0.384615384615	0.5	0.5	0	
../../code_corpus/google-http-client/comments/HttpRequest.java_60	../../code_corpus/StanfordCoreNLP/comments/CustomAnnotationSerializer.java_4	0.9375	0.615384615385	0.5	0.5	0	
../../code_corpus/google-http-client/comments/HttpRequest.java_60	../../code_corpus/StanfordCoreNLP/comments/DocumentPreprocessor.java_13	0.8	0.461538461538	0.5	0.5	0	
../../code_corpus/google-http-client/comments/HttpRequest.java_60	../../code_corpus/StanfordCoreNLP/comments/ArabicTreebankParserParams.java_7	0.888888888889	0.181818181818	0.5	0.5	0	
../../code_corpus/google-http-client/comments/HttpRequest.java_60	../../code_corpus/StanfordCoreNLP/comments/TaggerExperiments.java_5	1.0	12.0	0.5	0.5	0	
../../code_corpus/google-http-client/comments/HttpRequest.java_60	../../code_corpus/StanfordCoreNLP/comments/TregexPatternCompiler.java_1	0.909090909091	0.0833333333333	0.5	0.5	0	
../../code_corpus/google-http-client/comments/HttpRequest.java_60	../../code_corpus/StanfordCoreNLP/comments/Redwood.java_24	0.916666666667	0.153846153846	0.5	0.5	0	
../../code_corpus/google-http-client/comments/HttpRequest.java_60	../../code_corpus/StanfordCoreNLP/comments/FilePanel.java_4	0.875	0.3	0.5	0.5	0	
../../code_corpus/google-http-client/comments/HttpRequest.java_60	../../code_corpus/StanfordCoreNLP/comments/MulticoreWrapper.java_2	0.833333333333	1.6	0.5	0.5	0	
../../code_corpus/google-http-client/comments/HttpRequest.java_60	../../code_corpus/StanfordCoreNLP/comments/LatticeWriter.java_2	0.928571428571	0.230769230769	0.5	0.5	0	
../../code_corpus/google-http-client/comments/HttpRequest.java_60	../../code_corpus/StanfordCoreNLP/comments/SequencePattern.java_27	0.75	0.0	0.5	0.5	0	
../../code_corpus/google-http-client/comments/HttpRequest.java_60	../../code_corpus/StanfordCoreNLP/comments/EquivalenceClassEval.java_19	0.928571428571	0.153846153846	0.5	0.5	0	
../../code_corpus/google-http-client/comments/HttpRequest.java_60	../../code_corpus/StanfordCoreNLP/comments/Tree.java_34	0.923076923077	0.230769230769	0.5	0.5	0	
../../code_corpus/google-http-client/comments/HttpRequest.java_60	../../code_corpus/StanfordCoreNLP/comments/Iterables.java_20	0.9	0.153846153846	0.5	0.5	0	
../../code_corpus/google-http-client/comments/HttpRequest.java_60	../../code_corpus/StanfordCoreNLP/comments/Scored.java_1	0.916666666667	0.153846153846	0.5	0.5	0	
../../code_corpus/google-http-client/comments/HttpRequest.java_60	../../code_corpus/StanfordCoreNLP/comments/TeXHyphenator.java_2	0.9	0.181818181818	0.5	0.5	0	
../../code_corpus/google-http-client/comments/HttpRequest.java_60	../../code_corpus/StanfordCoreNLP/comments/LogRecordHandler.java_5	0.916666666667	0.538461538462	0.5	0.5	0	
../../code_corpus/google-http-client/comments/HttpRequest.java_60	../../code_corpus/StanfordCoreNLP/comments/UniversalPOSMapper.java_1	0.923076923077	0.0769230769231	0.5	0.5	0	
../../code_corpus/google-http-client/comments/HttpRequest.java_60	../../code_corpus/StanfordCoreNLP/comments/PriorityQueue.java_4	0.9	0.0769230769231	0.5	0.5	0	
../../code_corpus/google-http-client/comments/HttpRequest.java_60	../../code_corpus/StanfordCoreNLP/comments/Word.java_6	0.9	0.0833333333333	0.5	0.5	0	
../../code_corpus/google-http-client/comments/HttpRequest.java_60	../../code_corpus/StanfordCoreNLP/comments/WhitespaceLexer.java_14	0.875	0.625	0.5	0.5	0	
../../code_corpus/google-http-client/comments/HttpRequest.java_60	../../code_corpus/StanfordCoreNLP/comments/Dataset.java_5	0.916666666667	0.230769230769	0.5	0.5	0	
../../code_corpus/google-http-client/comments/HttpRequest.java_60	../../code_corpus/StanfordCoreNLP/comments/TimeAnnotations.java_2	0.909090909091	0.0833333333333	0.5	0.5	0	
../../code_corpus/google-http-client/comments/HttpRequest.java_60	../../code_corpus/StanfordCoreNLP/comments/Tree.java_31	0.8	0.307692307692	0.5	0.5	0	
../../code_corpus/google-http-client/comments/HttpRequest.java_60	../../code_corpus/StanfordCoreNLP/comments/SimpleTokenize.java_4	0.923076923077	0.0	0.5	0.5	0	
../../code_corpus/google-http-client/comments/HttpRequest.java_60	../../code_corpus/StanfordCoreNLP/comments/DirectedMultiGraph.java_8	0.9	0.0833333333333	0.5	0.5	0	
../../code_corpus/google-http-client/comments/HttpRequest.java_60	../../code_corpus/StanfordCoreNLP/comments/AbstractTreebankLanguagePack.java_15	0.75	0.153846153846	0.5	0.5	0	
../../code_corpus/google-http-client/comments/HttpRequest.java_60	../../code_corpus/httpclient/comments/HttpClient.java_8	0.2	0.0	0.5	0.5	1	
../../code_corpus/OpenNLP/comments/POSTaggerME.java_13	../../code_corpus/jgrapht/comments/CrossComponentIterator.java_21	0.916666666667	0.0	0.5	0.5	0	
../../code_corpus/OpenNLP/comments/POSTaggerME.java_13	../../code_corpus/jgrapht/comments/KruskalMinimumSpanningTree.java_1	1.0	17.0	0.5	0.5	0	
../../code_corpus/OpenNLP/comments/POSTaggerME.java_13	../../code_corpus/jgrapht/comments/AsUndirectedGraph.java_10	0.875	1.25	0.5	0.5	0	
../../code_corpus/OpenNLP/comments/POSTaggerME.java_13	../../code_corpus/jgrapht/comments/AdaptiveIsomorphismInspectorFactory.java_1	1.0	17.0	0.5	0.5	0	
../../code_corpus/OpenNLP/comments/POSTaggerME.java_13	../../code_corpus/jgrapht/comments/MaskVertexSet.java_1	1.0	17.0	0.5	0.5	0	
../../code_corpus/OpenNLP/comments/POSTaggerME.java_13	../../code_corpus/jgrapht/comments/GraphEdgeChangeEvent.java_8	0.909090909091	0.285714285714	0.5	0.5	0	
../../code_corpus/OpenNLP/comments/POSTaggerME.java_13	../../code_corpus/jgrapht/comments/UnionFind.java_9	0.909090909091	0.285714285714	0.5	0.5	0	
../../code_corpus/OpenNLP/comments/POSTaggerME.java_13	../../code_corpus/jgrapht/comments/AbstractBaseGraph.java_4	0.923076923077	0.0588235294118	0.5	0.5	0	
../../code_corpus/OpenNLP/comments/POSTaggerME.java_13	../../code_corpus/jgrapht/comments/GraphSquare.java_10	0.875	1.25	0.5	0.5	0	
../../code_corpus/OpenNLP/comments/POSTaggerME.java_13	../../code_corpus/jgrapht/comments/HyperCubeGraphGenerator.java_4	0.9	0.636363636364	0.5	0.5	0	
../../code_corpus/OpenNLP/comments/POSTaggerME.java_13	../../code_corpus/jgrapht/comments/SimpleDirectedWeightedGraph.java_5	0.916666666667	0.384615384615	0.5	0.5	0	
../../code_corpus/OpenNLP/comments/POSTaggerME.java_13	../../code_corpus/jgrapht/comments/GraphVertexChangeEvent.java_1	1.0	17.0	0.5	0.5	0	
../../code_corpus/OpenNLP/comments/POSTaggerME.java_13	../../code_corpus/jgrapht/comments/EquivalenceSet.java_6	0.916666666667	0.0588235294118	0.5	0.5	0	
../../code_corpus/OpenNLP/comments/POSTaggerME.java_13	../../code_corpus/StanfordCoreNLP/comments/MaxentTagger.java_21	0.571428571429	0.384615384615	0.5	0.5	1	
../../code_corpus/jung_api/comments/Hypergraph.java_14	../../code_corpus/HtmlCleaner/comments/CompactHtmlSerializer.java_2	1.0	10.0	0.5	0.5	0	
../../code_corpus/jung_api/comments/Hypergraph.java_14	../../code_corpus/HtmlCleaner/comments/XmlSerializer.java_5	0.857142857143	0.1	0.5	0.5	0	
../../code_corpus/jung_api/comments/Hypergraph.java_14	../../code_corpus/HtmlCleaner/comments/HtmlCleaner.java_8	0.909090909091	0.545454545455	0.5	0.5	0	
../../code_corpus/jung_api/comments/Hypergraph.java_14	../../code_corpus/jgrapht/comments/Graph.java_9	0.75	0.636363636364	0.5	0.5	1	
../../code_corpus/jung_api/comments/Hypergraph.java_14	../../code_corpus/OpenNLP/comments/AbstractSampleStreamFactory.java_1	1.0	10.0	0.5	0.5	0	
../../code_corpus/jung_api/comments/Hypergraph.java_14	../../code_corpus/OpenNLP/comments/GISModel.java_5	0.9	0.636363636364	0.5	0.5	0	
../../code_corpus/jung_api/comments/Hypergraph.java_14	../../code_corpus/OpenNLP/comments/PorterStemmer.java_7	0.888888888889	0.363636363636	0.5	0.5	0	
../../code_corpus/jung_api/comments/Hypergraph.java_14	../../code_corpus/OpenNLP/comments/DoccatEvaluationErrorListener.java_4	0.888888888889	0.363636363636	0.5	0.5	0	
../../code_corpus/jung_api/comments/Hypergraph.java_14	../../code_corpus/OpenNLP/comments/DocumentCategorizer.java_1	1.0	10.0	0.5	0.5	0	
../../code_corpus/jung_api/comments/Hypergraph.java_14	../../code_corpus/OpenNLP/comments/TrainerFactory.java_6	0.857142857143	0.375	0.5	0.5	0	
../../code_corpus/jung_api/comments/Hypergraph.java_14	../../code_corpus/OpenNLP/comments/TokSpanEventStream.java_2	0.9	0.181818181818	0.5	0.5	0	
../../code_corpus/jung_api/comments/Hypergraph.java_14	../../code_corpus/OpenNLP/comments/TokenEvaluationErrorListener.java_4	0.888888888889	0.363636363636	0.5	0.5	0	
../../code_corpus/jung_api/comments/Hypergraph.java_14	../../code_corpus/OpenNLP/comments/OnePassDataIndexer.java_3	0.888888888889	0.272727272727	0.5	0.5	0	
../../code_corpus/jung_api/comments/Hypergraph.java_14	../../code_corpus/OpenNLP/comments/CVParams.java_1	1.0	10.0	0.5	0.5	0	
../../code_corpus/jung_api/comments/Hypergraph.java_14	../../code_corpus/OpenNLP/comments/NameToSentenceSampleStreamFactory.java_2	0.888888888889	0.0	0.5	0.5	0	
../../code_corpus/jung_api/comments/Hypergraph.java_14	../../code_corpus/OpenNLP/comments/ADSentenceSampleStreamFactory.java_2	0.888888888889	0.0	0.5	0.5	0	
../../code_corpus/jung_api/comments/Hypergraph.java_14	../../code_corpus/OpenNLP/comments/Parse.java_11	0.875	0.0	0.5	0.5	0	
../../code_corpus/jung_api/comments/Hypergraph.java_14	../../code_corpus/OpenNLP/comments/EvalParameters.java_6	1.0	10.0	0.5	0.5	0	
../../code_corpus/jung_api/comments/Hypergraph.java_14	../../code_corpus/OpenNLP/comments/SequenceClassificationModel.java_4	0.857142857143	0.1	0.5	0.5	0	
../../code_corpus/jung_api/comments/Hypergraph.java_14	../../code_corpus/OpenNLP/comments/StringList.java_7	0.857142857143	0.0	0.5	0.5	0	
../../code_corpus/jung_api/comments/Hypergraph.java_14	../../code_corpus/OpenNLP/comments/Counter.java_1	1.0	10.0	0.5	0.5	0	
../../code_corpus/jung_api/comments/Hypergraph.java_14	../../code_corpus/OpenNLP/comments/CountedSet.java_7	0.857142857143	0.0	0.5	0.5	0	
../../code_corpus/jung_api/comments/Hypergraph.java_14	../../code_corpus/jgrapht/comments/Subgraph.java_11	0.6	0.181818181818	0.5	0.5	1	
../../code_corpus/jgrapht/comments/Graph.java_20	../../code_corpus/httpclient/comments/RFC2109SpecFactory.java_2	0.909090909091	0.888888888889	0.5	0.5	0	
../../code_corpus/jgrapht/comments/Graph.java_20	../../code_corpus/httpclient/comments/SSLConnectionSocketFactory.java_2	0.909090909091	1.125	0.5	0.5	0	
../../code_corpus/jgrapht/comments/Graph.java_20	../../code_corpus/httpclient/comments/AuthScope.java_7	0.928571428571	0.0625	0.5	0.5	0	
../../code_corpus/jgrapht/comments/Graph.java_20	../../code_corpus/httpclient/comments/MainClientExec.java_3	0.875	1.125	0.5	0.5	0	
../../code_corpus/jgrapht/comments/Graph.java_20	../../code_corpus/httpclient/comments/BasicDomainHandler.java_1	1.0	16.0	0.5	0.5	0	
../../code_corpus/jgrapht/comments/Graph.java_20	../../code_corpus/httpclient/comments/NTCredentials.java_1	1.0	16.0	0.5	0.5	0	
../../code_corpus/jgrapht/comments/Graph.java_20	../../code_corpus/httpclient/comments/ClientConnectionManager.java_1	1.0	16.0	0.5	0.5	0	
../../code_corpus/jgrapht/comments/Graph.java_20	../../code_corpus/httpclient/comments/DeflateInputStream.java_6	1.0	2.4	0.5	0.5	0	
../../code_corpus/jgrapht/comments/Graph.java_20	../../code_corpus/httpclient/comments/X509HostnameVerifier.java_3	0.916666666667	0.0588235294118	0.5	0.5	0	
../../code_corpus/jgrapht/comments/Graph.java_20	../../code_corpus/httpclient/comments/RouteTracker.java_12	0.888888888889	0.7	0.5	0.5	0	
../../code_corpus/jgrapht/comments/Graph.java_20	../../code_corpus/httpclient/comments/AuthSchemeRegistry.java_7	0.928571428571	0.0625	0.5	0.5	0	
../../code_corpus/jgrapht/comments/Graph.java_20	../../code_corpus/httpclient/comments/NetscapeDomainHandler.java_1	1.0	16.0	0.5	0.5	0	
../../code_corpus/jgrapht/comments/Graph.java_20	../../code_corpus/httpclient/comments/GGSSchemeBase.java_3	0.909090909091	0.545454545455	0.5	0.5	0	
../../code_corpus/jgrapht/comments/Graph.java_20	../../code_corpus/httpclient/comments/NetscapeDraftSpec.java_1	1.0	16.0	0.5	0.5	0	
../../code_corpus/jgrapht/comments/Graph.java_20	../../code_corpus/httpclient/comments/SocketFactory.java_3	0.9	0.545454545455	0.5	0.5	0	
../../code_corpus/jgrapht/comments/Graph.java_20	../../code_corpus/httpclient/comments/ConnConnectionPNames.java_3	0.916666666667	0.0625	0.5	0.5	0	
../../code_corpus/jgrapht/comments/Graph.java_20	../../code_corpus/httpclient/comments/AuthScheme.java_6	0.909090909091	0.133333333333	0.5	0.5	0	
../../code_corpus/jgrapht/comments/Graph.java_20	../../code_corpus/jung_api/comments/Hypergraph.java_17	0.714285714286	0.545454545455	0.5	0.5	1	
../../code_corpus/jung_api/comments/Graph.java_18	../../code_corpus/google-http-client/comments/JsonWebSignature.java_23	0.928571428571	0.0588235294118	0.5	0.5	0	
../../code_corpus/jung_api/comments/Graph.java_18	../../code_corpus/google-http-client/comments/JsonParser.java_19	0.875	1.42857142857	0.5	0.5	0	
../../code_corpus/jung_api/comments/Graph.java_18	../../code_corpus/google-http-client/comments/HttpHeaders.java_11	0.916666666667	0.133333333333	0.5	0.5	0	
../../code_corpus/jung_api/comments/Graph.java_18	../../code_corpus/google-http-client/comments/HttpResponse.java_21	0.923076923077	0.133333333333	0.5	0.5	0	
../../code_corpus/jung_api/comments/Graph.java_18	../../code_corpus/google-http-client/comments/ExponentialBackOffPolicy.java_14	0.928571428571	0.0588235294118	0.5	0.5	0	
../../code_corpus/jung_api/comments/Graph.java_18	../../code_corpus/google-http-client/comments/HttpRequestFactory.java_3	0.875	1.125	0.5	0.5	0	
../../code_corpus/jung_api/comments/Graph.java_18	../../code_corpus/google-http-client/comments/JsonWebSignature.java_10	0.928571428571	0.0	0.5	0.5	0	
../../code_corpus/jung_api/comments/Graph.java_18	../../code_corpus/google-http-client/comments/HttpResponse.java_10	0.909090909091	0.307692307692	0.5	0.5	0	
../../code_corpus/jung_api/comments/Graph.java_18	../../code_corpus/google-http-client/comments/JsonRpcRequest.java_8	0.888888888889	0.307692307692	0.5	0.5	0	
../../code_corpus/jung_api/comments/Graph.java_18	../../code_corpus/google-http-client/comments/LoggingOutputStream.java_3	0.909090909091	0.307692307692	0.5	0.5	0	
../../code_corpus/jung_api/comments/Graph.java_18	../../code_corpus/google-http-client/comments/Strings.java_2	0.916666666667	0.7	0.5	0.5	0	
../../code_corpus/jung_api/comments/Graph.java_18	../../code_corpus/google-http-client/comments/FileContent.java_4	0.857142857143	1.42857142857	0.5	0.5	0	
../../code_corpus/jung_api/comments/Graph.java_18	../../code_corpus/google-http-client/comments/JsonObjectParser.java_5	0.916666666667	0.133333333333	0.5	0.5	0	
../../code_corpus/jung_api/comments/Graph.java_18	../../code_corpus/google-http-client/comments/MockLowLevelHttpRequest.java_4	0.909090909091	0.307692307692	0.5	0.5	0	
../../code_corpus/jung_api/comments/Graph.java_18	../../code_corpus/jgrapht/comments/Graph.java_7	0.8	0.176470588235	0.5	0.5	1	
../../code_corpus/jung_api/comments/Hypergraph.java_18	../../code_corpus/HtmlCleaner/comments/SimpleHtmlSerializer.java_1	0.857142857143	0.833333333333	0.5	0.5	0	
../../code_corpus/jung_api/comments/Hypergraph.java_18	../../code_corpus/jgrapht/comments/Graph.java_18	0.75	0.636363636364	0.5	0.5	1	
